path,locus,ntax,chars_count,site_count,conserved_sites,proportion_cons_sites,variable_sites,proportion_var_sites,parsimony_informative_sites,proportion_pars_inf_sites,missing_data,proportion_missing_data,GC_content,AT_content,nucleotides,?,-,A,C,G,T,N,R,Y,S,W,K,M,B,D,H,V,.
ABCD1.fasta,ABCD1,89,73959,831,458,0.5511432009626955,373,0.44885679903730447,276,0.33212996389891697,3950,0.05340796928027691,0.5451939588150191,0.39914006408956315,69842,0,3950,14829,19263,21059,14691,0,58,59,8,10,18,9,0,1,1,3,0
ABCD2.fasta,ABCD2,143,157157,1099,473,0.43039126478616924,626,0.5696087352138307,491,0.4467697907188353,26670,0.16970290855641174,0.5016512150270112,0.32690239696609125,130213,0,26670,26015,43301,35537,25360,0,68,64,46,9,28,23,8,5,9,14,0
ADARB2.fasta,ADARB2,146,183522,1257,557,0.44311853619729513,700,0.5568814638027049,521,0.4144789180588703,24750,0.13486121554908947,0.38159457721690043,0.4823617876875797,158555,0,24750,48789,33362,36669,39735,0,54,46,18,36,19,27,6,4,3,4,0
ADGRL2.fasta,ADGRL2,145,196040,1352,380,0.28106508875739644,972,0.7189349112426036,855,0.632396449704142,34147,0.1741838400326464,0.34662823913487045,0.4781371148745154,161687,0,34147,44043,31731,36222,49691,0,32,75,11,19,39,17,5,1,4,3,0
ADNP.fasta,ADNP,96,187680,1955,1107,0.5662404092071611,848,0.4337595907928389,670,0.34271099744245526,9458,0.050394288150042627,0.4535006393861893,0.4952259164535379,178057,0,9458,52748,45699,39414,40196,0,40,55,8,8,16,19,1,5,10,3,0
ADNP2.fasta,ADNP2,89,141866,1594,623,0.39084065244667504,971,0.609159347553325,691,0.43350062735257217,6999,0.04933528822973792,0.3981997095851014,0.5513019328098346,134702,0,6999,41058,29061,27430,37153,0,40,47,14,21,13,20,1,2,6,1,0
ADRB1.fasta,ADRB1,86,134332,1562,916,0.586427656850192,646,0.41357234314980795,415,0.26568501920614596,26269,0.19555280945716583,0.4432599827293571,0.35955691867909356,107844,0,26269,24171,33054,26490,24129,0,57,81,22,9,15,24,3,3,2,3,0
ADRB2.fasta,ADRB2,145,164720,1136,488,0.4295774647887324,648,0.5704225352112676,512,0.4507042253521127,20848,0.12656629431762992,0.45828071879553184,0.4143759106362312,143744,0,20848,35008,39369,36119,33248,0,28,31,11,9,11,23,5,2,5,3,0
AKAP11.fasta,AKAP11,144,263232,1828,579,0.31673960612691465,1249,0.6832603938730853,1024,0.5601750547045952,26616,0.10111232676878192,0.35545070508144905,0.5425936056406516,236394,0,26616,73939,47652,45914,68889,0,66,38,19,25,24,36,1,4,4,5,0
AKAP12.fasta,AKAP12,137,184402,1346,320,0.237741456166419,1026,0.7622585438335809,824,0.612184249628529,16752,0.09084500168110975,0.3730382533811998,0.5353358423444431,167506,0,16752,62475,29754,39035,36242,0,39,33,12,13,22,21,0,1,1,2,0
ALDH3B2.fasta,ALDH3B2,88,94864,1078,406,0.37662337662337664,672,0.6233766233766234,478,0.44341372912801486,6676,0.07037443076404115,0.4257568729971327,0.501602293810086,87973,0,6676,28239,17088,23301,19345,0,55,53,13,26,19,21,7,11,7,3,0
AMOTL1.fasta,AMOTL1,144,182880,1270,399,0.31417322834645667,871,0.6858267716535433,686,0.5401574803149606,28037,0.15330818022747156,0.4092629046369204,0.43594706911636044,154572,0,28037,46593,39034,35812,33133,0,88,70,10,31,34,24,5,1,3,5,0
ANGPTL1.fasta,ANGPTL1,144,164160,1140,377,0.3307017543859649,763,0.6692982456140351,589,0.5166666666666667,26420,0.16094054580896686,0.38202363547758283,0.45582358674463935,137541,0,26420,43355,30262,32451,31473,0,44,56,15,16,15,22,7,7,7,10,0
ANK2.fasta,ANK2,88,102696,1167,517,0.44301628106255353,650,0.5569837189374465,326,0.27934875749785776,7600,0.07400482978889149,0.3300323284256446,0.5949598815922723,94993,0,7600,34385,16695,17198,26715,0,30,17,8,16,17,14,0,0,1,0,0
ANKHD1.fasta,ANKHD1,86,118422,1377,413,0.2999273783587509,964,0.7000726216412491,806,0.5853304284676834,19673,0.1661262265457432,0.33901639897991925,0.49399604803161573,98647,0,19673,29250,23086,17061,29250,0,14,28,6,18,15,18,0,0,3,0,0
ANKRD50.fasta,ANKRD50,143,263549,1843,812,0.4405860010851872,1031,0.5594139989148128,801,0.4346174715138361,25490,0.09671825732596216,0.3762374359227316,0.5262816402262956,237858,0,25490,75495,51750,47407,63206,0,62,53,8,22,20,22,5,3,4,2,0
APC.fasta,APC,148,265660,1795,792,0.44122562674094706,1003,0.5587743732590529,734,0.40891364902506966,29182,0.10984717307837084,0.3900662500941052,0.4994052548370097,236297,0,29182,75593,54524,49101,57079,0,53,37,6,18,15,25,5,12,5,5,0
APOB.fasta,APOB,91,288288,3168,1565,0.49400252525252525,1603,0.5059974747474747,976,0.30808080808080807,38953,0.13511835386835386,0.3415508103008103,0.522005772005772,248953,0,38953,82213,50840,47625,68275,0,107,119,27,43,28,42,4,7,3,2,0
ARHGAP32.fasta,ARHGAP32,95,160740,1692,765,0.4521276595744681,927,0.5478723404255319,707,0.4178486997635934,18369,0.11427771556550952,0.5009518477043673,0.3823254945875327,141978,0,18369,34479,48247,32276,26976,0,108,120,26,13,25,51,13,2,17,18,0
ARID1B.fasta,ARID1B,34,38658,1137,514,0.4520668425681618,623,0.5479331574318381,427,0.3755496921723835,288,0.007449945677479435,0.41792125821304776,0.5745511925086657,38367,0,288,11528,7543,8613,10683,0,3,0,0,0,0,0,0,0,0,0,0
ARID5B.fasta,ARID5B,146,303534,2079,801,0.3852813852813853,1278,0.6147186147186147,1034,0.4973544973544973,22598,0.07444964979211555,0.4016551687784565,0.5224521799864266,280498,0,22598,94059,70816,51100,64523,0,119,110,21,55,33,62,5,11,10,12,0
ARSI.fasta,ARSI,146,248054,1699,806,0.4743967039434962,893,0.5256032960565038,747,0.4396703943496174,21858,0.08811790980996073,0.39590169882364323,0.5147709772872036,225896,0,21858,69005,47006,51199,58686,0,66,100,21,34,21,33,4,6,9,6,0
ASXL3.fasta,ASXL3,147,262542,1786,747,0.41825307950727886,1039,0.5817469204927211,799,0.4473684210526316,23363,0.08898766673522712,0.3835119714179065,0.526551942165444,238930,0,23363,74405,53719,46969,63837,0,61,57,16,32,20,24,7,7,20,5,0
ATXN1.fasta,ATXN1,147,265923,1809,825,0.4560530679933665,984,0.5439469320066335,664,0.36705362078496406,27786,0.10448889340147335,0.4055835711841398,0.4893145760238866,237974,0,27786,67946,61786,46068,62174,0,24,56,12,18,18,22,3,3,4,3,0
BCL9.fasta,BCL9,147,280329,1907,990,0.519140010487677,917,0.480859989512323,699,0.3665443104352386,31478,0.1122894884225321,0.475544806281191,0.41061752440881966,248417,0,31478,63277,70387,62922,51831,0,73,74,16,60,50,52,24,22,36,27,0
BCL11A.fasta,BCL11A,148,237392,1604,910,0.5673316708229427,694,0.43266832917705733,484,0.30174563591022446,29690,0.12506739906989284,0.3939517759654917,0.4803952955449215,207563,0,29690,62344,48129,45392,51698,0,33,24,11,21,25,16,3,4,0,2,0
BCL11B.fasta,BCL11B,82,72980,890,616,0.6921348314606741,274,0.30786516853932583,165,0.1853932584269663,5414,0.07418470813921622,0.44939709509454645,0.4752671964921896,67482,0,5414,18199,20714,12083,16486,0,14,26,4,10,8,17,1,0,3,1,0
BCORL1.fasta,BCORL1,94,143632,1528,662,0.43324607329842935,866,0.5667539267015707,625,0.40903141361256545,10600,0.07379971037094797,0.5222721956110059,0.4018463852066392,132733,0,10600,30144,47032,27983,27574,0,56,84,20,15,20,49,5,6,22,22,0
BEGAIN.fasta,BEGAIN,146,262216,1796,798,0.4443207126948775,998,0.5556792873051225,776,0.43207126948775054,28178,0.10746102449888642,0.3953877719132318,0.4953130243768496,233556,0,28178,72399,53120,50557,57480,0,106,155,31,58,51,39,9,17,13,3,0
BICD1.fasta,BICD1,143,210353,1471,536,0.36437797416723317,935,0.6356220258327668,691,0.4697484704282801,31290,0.14874995840325547,0.37239782651067493,0.47778258451270006,178838,0,31290,59328,37667,40668,41175,0,62,74,9,27,15,18,5,6,5,4,0
BIRC6.fasta,BIRC6,141,234765,1665,572,0.34354354354354355,1093,0.6564564564564564,750,0.45045045045045046,20536,0.08747470875130449,0.38079781909569144,0.5311311311311311,214089,0,20536,64718,43376,46022,59973,0,26,17,2,17,17,34,2,5,6,14,0
BMPR2.fasta,BMPR2,142,236998,1669,639,0.38286399041342123,1030,0.6171360095865788,791,0.47393648891551826,30839,0.13012346095747643,0.38339985991442965,0.48516021232246687,205847,0,30839,66449,47592,43273,48533,0,55,69,10,42,61,20,12,17,21,5,0
BNC1.fasta,BNC1,136,198696,1461,555,0.3798767967145791,906,0.6201232032854209,703,0.4811772758384668,15935,0.08019789024439344,0.3889408946330072,0.5299200789145226,182574,0,15935,56433,42361,34920,48860,0,47,55,13,21,23,21,0,2,1,4,0
BNC2.fasta,BNC2,87,145116,1668,1065,0.6384892086330936,603,0.36151079136690645,375,0.22482014388489208,5901,0.04066402050773175,0.3923757545687588,0.5660506077896303,139083,0,5901,44059,31093,25847,38084,0,36,45,5,12,9,14,3,4,2,2,0
BSN.fasta,BSN,147,266217,1811,605,0.3340695748205411,1206,0.6659304251794589,1035,0.571507454445058,18085,0.06793330253139357,0.45001634005341506,0.4810286345349846,247860,0,18085,71958,65337,54465,56100,0,74,58,18,21,21,39,7,10,8,16,0
BTBD17.fasta,BTBD17,142,211154,1487,503,0.3382649630127774,984,0.6617350369872226,792,0.5326160053799597,32463,0.1537408715913504,0.4179129924131203,0.4258361196093846,178161,0,32463,43653,46764,41480,46264,0,125,173,40,54,44,49,8,18,8,11,0
C10ORF71.fasta,C10ORF71,92,113160,1230,363,0.2951219512195122,867,0.7048780487804878,548,0.44552845528455287,6726,0.05943796394485684,0.3939819724284199,0.5443354542241075,106180,0,6726,34006,23180,21403,27591,0,86,60,16,20,22,37,1,8,1,3,0
CAMSAP1.fasta,CAMSAP1,143,243243,1701,648,0.38095238095238093,1053,0.6190476190476191,808,0.47501469723691947,60050,0.24687246909469132,0.36845047956159066,0.3829997163330497,182785,0,60050,54765,43262,46361,38397,0,121,107,34,29,43,42,12,6,6,8,0
CAMSAP2.fasta,CAMSAP2,92,137816,1498,668,0.4459279038718291,830,0.5540720961281709,581,0.3878504672897196,11300,0.08199338248098914,0.3916018459395136,0.5245835026412028,126265,0,11300,42713,26727,27242,29583,0,76,54,12,22,30,39,1,8,4,5,0
CAND1.fasta,CAND1,145,264625,1825,915,0.5013698630136987,910,0.4986301369863014,744,0.4076712328767123,26077,0.09854322153991497,0.36968918280585733,0.530407179971658,238188,0,26077,66544,49703,48126,73815,0,65,88,26,58,39,45,7,11,15,6,0
CCDC80.fasta,CCDC80,145,233740,1612,557,0.3455334987593052,1055,0.6544665012406948,828,0.5136476426799007,22036,0.09427569093864978,0.3695473603148798,0.5348335757679473,211390,0,22036,82237,42886,43492,42775,0,95,91,29,24,14,33,4,7,12,5,0
CCDC85A.fasta,CCDC85A,143,205205,1435,708,0.49337979094076656,727,0.5066202090592334,445,0.31010452961672474,27857,0.13575205282522357,0.3368533905119271,0.525742550132794,177009,0,27857,63242,31104,38020,44643,0,87,76,21,52,24,34,4,16,18,7,0
CCDC92.fasta,CCDC92,145,158920,1096,448,0.40875912408759124,648,0.5912408759124088,502,0.458029197080292,22713,0.14292096652403724,0.36218223005285677,0.49411653662219984,136083,0,22713,46586,28072,29486,31939,0,35,26,5,20,8,19,2,3,3,3,0
CCN2.fasta,CCN2,146,157096,1076,528,0.49070631970260226,548,0.5092936802973977,371,0.3447955390334573,45387,0.28891251209451546,0.2825533431786933,0.4274201761979936,111534,0,45387,36242,22785,21603,30904,0,33,53,9,25,16,23,3,4,4,5,0
CCR7.fasta,CCR7,90,109620,1218,470,0.38587848932676516,748,0.6141215106732348,544,0.4466338259441708,12841,0.11714103265827404,0.37266009852216747,0.49607735814632364,95231,0,12841,25708,21600,19251,28672,0,392,396,111,164,119,146,42,60,54,64,0
CDC73.fasta,CDC73,147,248724,1692,757,0.44739952718676124,935,0.5526004728132388,715,0.42257683215130026,28378,0.11409433749859282,0.3665830398353195,0.5183536771682669,220105,0,28378,74113,46504,44674,54814,0,49,50,7,47,20,46,3,4,3,12,0
CELSR1.fasta,CELSR1,131,203312,1552,827,0.532860824742268,725,0.46713917525773196,574,0.3698453608247423,17188,0.08454001731329189,0.45846777366805697,0.45585602423860866,185893,0,17188,49834,47360,45852,42847,0,53,76,15,16,21,33,6,1,7,3,0
CELSR3.fasta,CELSR3,66,109428,1658,1101,0.6640530759951749,557,0.33594692400482506,313,0.1887816646562123,3111,0.028429652374163835,0.47766567971634316,0.49130935409584386,106033,0,3111,28222,28116,24154,25541,0,56,121,12,12,24,23,7,4,15,10,0
CHD7.fasta,CHD7,146,277546,1901,915,0.4813256180957391,986,0.518674381904261,757,0.398211467648606,26766,0.09643806792387569,0.44286712833188013,0.4597976551634684,250531,0,26766,69808,71910,51006,57807,0,35,75,6,37,30,26,8,13,8,11,0
CHMP3.fasta,CHMP3,148,224664,1518,325,0.21409749670619235,1193,0.7859025032938076,1009,0.6646903820816864,22498,0.10014065448848057,0.4085612292134031,0.48958889719759285,201782,0,22498,54166,43131,48658,55827,0,122,108,27,31,44,26,9,7,4,6,0
CHRM1.fasta,CHRM1,53,33655,635,438,0.6897637795275591,197,0.3102362204724409,89,0.14015748031496064,1511,0.04489674639726638,0.4229386421036993,0.528183033724558,32010,0,1511,9216,6582,7652,8560,0,10,24,7,26,17,32,3,3,6,6,0
CHRM5.fasta,CHRM5,93,128433,1381,898,0.6502534395365677,483,0.3497465604634323,317,0.22954380883417813,23077,0.17968123457366877,0.35594434452204654,0.4630429873942055,105185,0,23077,30543,22669,23046,28927,0,39,61,8,13,18,12,4,6,6,4,0
CHST1.fasta,CHST1,147,245343,1669,372,0.22288795686039545,1297,0.7771120431396046,1138,0.6818454164170161,35021,0.1427430169191703,0.3884683891531448,0.46743131045108277,209989,0,35021,59151,47974,47334,55530,0,103,98,19,27,39,18,10,13,4,2,0
CMKLR2.fasta,CMKLR2,91,122486,1346,597,0.44353640416047546,749,0.5564635958395245,481,0.3573551263001486,5881,0.048013650539653514,0.35430171611449474,0.5963701974103163,116444,0,5881,33174,22608,20789,39873,0,33,49,10,25,17,20,3,0,3,1,0
CRACD.fasta,CRACD,92,129260,1405,294,0.2092526690391459,1111,0.7907473309608541,898,0.6391459074733096,8723,0.06748414049203157,0.36473773789261954,0.5662153798545567,120335,0,8723,27685,23722,23424,45504,0,61,49,14,28,17,17,4,5,5,2,0
CSPG4B.fasta,CSPG4B,70,74760,1068,296,0.27715355805243447,772,0.7228464419475655,595,0.5571161048689138,7963,0.10651417870518994,0.3323434991974318,0.55928303905832,66658,0,7963,22123,12363,12483,19689,0,34,40,9,16,15,15,3,3,3,1,0
CTBP2.fasta,CTBP2,96,206112,2147,1071,0.4988355845365626,1076,0.5011644154634374,709,0.33022822543083374,6998,0.033952414221394195,0.4617392485638876,0.5030032215494489,198845,0,6998,52146,50503,44667,51529,0,66,57,16,29,41,29,3,9,9,10,0
CTNNA2.fasta,CTNNA2,146,262362,1797,985,0.5481357818586533,812,0.4518642181413467,627,0.34891485809682804,18584,0.07083342862152293,0.4415807167196469,0.48680830303168904,243574,0,18584,62805,61967,53887,64915,0,41,70,11,14,15,26,8,3,8,8,0
CTSC.fasta,CTSC,147,436149,2967,1001,0.3373778227165487,1966,0.6626221772834513,1495,0.5038759689922481,116394,0.2668675154591665,0.31303063861203395,0.41865279984592424,319123,0,116394,91133,72777,63751,91462,0,131,166,27,64,65,86,21,28,30,14,0
CTTNBP2.fasta,CTTNBP2,146,288934,1979,741,0.37443153107630117,1238,0.6255684689236989,936,0.4729661445174331,27886,0.0965133906013138,0.37790291208372845,0.5248153557559858,260826,0,27886,83655,59238,49951,67982,0,45,48,10,30,26,26,6,5,17,9,0
CXCR2.fasta,CXCR2,91,97916,1076,444,0.41263940520446096,632,0.587360594795539,483,0.44888475836431224,4766,0.048674373953184365,0.45993504636627314,0.4876731075615834,92786,0,4766,21904,24400,20635,25847,0,103,113,15,22,38,47,6,8,6,6,0
DAGLA.fasta,DAGLA,141,163701,1161,503,0.43324720068906114,658,0.5667527993109388,516,0.4444444444444444,11847,0.07236974728315648,0.4470589672634865,0.47907465440040076,151609,0,11847,39456,38194,34990,38969,0,38,67,29,21,18,36,10,5,11,10,0
DISP1.fasta,DISP1,146,268786,1841,649,0.3525258011950027,1192,0.6474741988049972,694,0.37696903856599673,29221,0.10871473960697357,0.40689619251002657,0.4833101426413578,239275,0,29221,61109,56110,53258,68798,0,96,88,21,18,20,18,7,8,9,5,0
DISP2.fasta,DISP2,144,285696,1984,760,0.38306451612903225,1224,0.6169354838709677,1015,0.5115927419354839,16492,0.05772569444444445,0.4250427027329749,0.5151419690860215,268607,0,16492,73121,62956,58477,74053,0,153,215,41,37,49,49,10,9,18,16,0
DLL1.fasta,DLL1,141,214884,1524,501,0.328740157480315,1023,0.6712598425196851,709,0.4652230971128609,48124,0.22395338880512278,0.3424173042199512,0.432652035516837,166550,0,48124,48863,35801,37779,44107,0,47,61,14,24,19,28,4,3,3,7,0
DMRT3.fasta,DMRT3,143,200057,1399,534,0.3817012151536812,865,0.6182987848463188,684,0.4889206576125804,26667,0.13329701035204966,0.38738959396571976,0.47800876750126214,173129,0,26667,48589,41980,35520,47040,0,68,71,18,31,24,27,3,5,9,5,0
DMXL1.fasta,DMXL1,144,296208,2057,593,0.2882839086047642,1464,0.7117160913952357,1258,0.6115702479338843,30032,0.10138821368767893,0.37581361745800246,0.5218697671906228,265901,0,30032,77311,56248,55071,77271,0,73,65,11,42,24,41,3,5,10,1,0
DMXL2.fasta,DMXL2,144,290304,2016,917,0.4548611111111111,1099,0.5451388888888888,882,0.4375,28245,0.09729456018518519,0.37115575396825395,0.5308676421957672,261861,0,28245,77228,50677,57071,76885,0,47,60,11,19,19,17,2,12,5,6,0
DOP1B.fasta,DOP1B,146,244842,1677,677,0.4036970781156828,1000,0.5963029218843172,819,0.4883720930232558,17952,0.07332075379224152,0.41677489973125526,0.5085238643696751,226552,0,17952,62090,50352,51692,62418,0,105,95,23,21,31,37,4,8,6,8,0
DSEL.fasta,DSEL,141,226587,1607,658,0.40945861854387056,949,0.5905413814561294,720,0.44803982576228996,44673,0.19715605926200533,0.2917687245958506,0.5099983670731331,181670,0,44673,57079,30708,35403,58480,0,84,68,9,26,19,16,6,5,7,4,0
DSP.fasta,DSP,145,475600,3280,1648,0.5024390243902439,1632,0.4975609756097561,1178,0.3591463414634146,122143,0.2568187552565181,0.2809524810765349,0.46157695542472665,353147,0,122143,135422,58119,75502,84104,0,88,84,17,45,23,39,2,6,2,4,0
DYNC1H1.fasta,DYNC1H1,90,140760,1564,486,0.31074168797953966,1078,0.6892583120204604,547,0.34974424552429667,9831,0.06984228473998295,0.42975987496447854,0.4971511793123046,130472,0,9831,37231,28636,31857,32748,0,83,109,19,64,87,52,4,11,23,5,0
ELFN1.fasta,ELFN1,95,331360,3488,2216,0.6353211009174312,1272,0.3646788990825688,808,0.231651376146789,103192,0.3114196040560116,0.2961673104780299,0.3916495654273298,227915,0,103192,67913,51206,46932,61864,0,72,92,13,17,23,21,4,2,5,4,0
ELFN2.fasta,ELFN2,140,238840,1706,625,0.36635404454865184,1081,0.6336459554513482,872,0.511137162954279,13474,0.05641433595712611,0.38041366605258753,0.5629542790152403,225314,0,13474,64741,48489,42369,69715,0,12,12,4,6,11,5,1,1,0,0,0
EMILIN2.fasta,EMILIN2,81,85455,1055,474,0.4492890995260663,581,0.5507109004739337,371,0.35165876777251187,2859,0.033456205020186064,0.37295652682698494,0.591808554209818,82444,0,2859,28913,12784,19087,21660,0,45,33,16,20,16,16,0,4,1,1,0
ENAH.fasta,ENAH,90,96390,1071,579,0.5406162464985994,492,0.45938375350140054,324,0.3025210084033613,3896,0.04041913061520905,0.512376802572881,0.44350036310820623,92137,0,3896,16988,34369,15019,25761,0,52,94,33,14,14,64,14,10,38,24,0
FAM110B.fasta,FAM110B,146,262946,1801,785,0.43586896168795114,1016,0.5641310383120489,720,0.39977790116601886,30088,0.11442653624698608,0.39045659565081803,0.4940253892434188,232571,0,30088,71551,52628,50041,58351,0,77,69,16,29,36,33,4,6,10,7,0
FAM171A1.fasta,FAM171A1,143,242242,1694,675,0.3984651711924439,1019,0.601534828807556,819,0.4834710743801653,14316,0.059097926866521905,0.4650101964151551,0.4746121646948093,227616,0,14316,64410,60769,51876,50561,0,86,104,15,13,24,46,8,3,6,5,0
FAM217B.fasta,FAM217B,86,80496,936,278,0.297008547008547,658,0.7029914529914529,447,0.4775641025641026,6369,0.07912194394752534,0.4123310475054661,0.5062736036573245,73944,0,6369,21856,17498,15693,18897,0,40,57,16,18,27,16,2,3,2,2,0
FAT1.fasta,FAT1,122,157380,1290,460,0.35658914728682173,830,0.6434108527131783,671,0.5201550387596899,54572,0.3467530817130512,0.2661075104841784,0.3862689032913966,102671,0,54572,31688,20104,21776,29103,0,32,34,7,16,20,22,1,2,2,1,0
FAT2.fasta,FAT2,146,257398,1763,791,0.448667044809983,972,0.551332955190017,727,0.41236528644356213,56616,0.2199550890061306,0.3035804474005237,0.47544658466654754,200520,0,56616,65155,39261,38880,57224,0,71,96,13,28,21,23,1,4,3,2,0
FAT3.fasta,FAT3,144,257760,1790,677,0.3782122905027933,1113,0.6217877094972067,989,0.5525139664804469,32190,0.12488361266294228,0.36159993792675355,0.5123564556176288,225271,0,32190,68114,45152,48054,63951,0,64,94,12,43,19,33,8,13,9,4,0
FAT4.fasta,FAT4,148,819180,5535,2437,0.44028906955736224,3098,0.5597109304426378,2407,0.4348690153568202,83027,0.10135379281720745,0.38825044556751875,0.5094643423911717,735390,0,83027,211415,161071,156976,205928,0,188,224,39,73,69,101,21,15,18,15,0
FBXO30.fasta,FBXO30,93,146196,1572,658,0.41857506361323155,914,0.5814249363867684,640,0.4071246819338422,10628,0.07269692741251471,0.385290979233358,0.5405414648827601,135353,0,10628,38236,25723,30605,40789,0,74,52,14,25,24,15,1,6,2,2,0
FIGN.fasta,FIGN,94,174276,1854,1037,0.5593311758360302,817,0.4406688241639698,541,0.2918015102481122,8175,0.046908352268814985,0.4208095205306525,0.5306697422479286,165820,0,8175,47810,40840,32497,44673,0,49,89,13,49,23,31,3,8,13,3,0
FREM2.fasta,FREM2,142,251056,1768,788,0.4457013574660634,980,0.5542986425339367,801,0.45305429864253394,15695,0.06251593270027404,0.4480872793321012,0.48810623924542734,235037,0,15695,65006,58271,54224,57536,0,93,100,21,27,18,36,7,8,9,5,0
FZD1.fasta,FZD1,71,52895,745,552,0.7409395973154362,193,0.25906040268456376,113,0.15167785234899328,1816,0.03433216750165422,0.5299366669817563,0.43382172227998866,50978,0,1816,9932,14511,13520,13015,0,25,39,5,5,11,11,2,0,1,2,0
FZD2.fasta,FZD2,74,53428,722,528,0.7313019390581718,194,0.26869806094182824,128,0.1772853185595568,2698,0.050497866287339974,0.48352923560679795,0.46363330089091864,50605,0,2698,10811,12726,13108,13960,0,14,45,16,9,21,12,2,3,0,3,0
FZD7.fasta,FZD7,75,61275,817,619,0.7576499388004896,198,0.2423500611995104,142,0.17380660954712362,2565,0.04186046511627907,0.5468298653610771,0.41015095879232966,58639,0,2565,10342,17495,16012,14790,0,16,30,3,3,6,11,1,0,0,1,0
GCNT1.fasta,GCNT1,53,27613,521,325,0.6238003838771593,196,0.3761996161228407,117,0.22456813819577734,389,0.014087567450114077,0.3894542425669069,0.5948285227972332,27179,0,389,8968,5535,5219,7457,0,11,17,6,4,2,5,0,0,0,0,0
GCNT3.fasta,GCNT3,89,113030,1270,500,0.3937007874015748,770,0.6062992125984252,526,0.4141732283464567,6088,0.05386180660001769,0.4133504379368309,0.5296116075378218,106583,0,6088,30911,21395,25326,28951,0,120,88,20,41,34,42,4,4,2,4,0
GCNT4.fasta,GCNT4,143,197912,1384,401,0.2897398843930636,983,0.7102601156069365,770,0.5563583815028902,21604,0.10915962650066696,0.35287400460810864,0.5363292776587574,175984,0,21604,53448,34233,35605,52698,0,88,81,14,35,25,40,8,17,9,7,0
GHSR.fasta,GHSR,143,129272,904,377,0.4170353982300885,527,0.5829646017699115,403,0.44579646017699115,12280,0.09499350207314809,0.37831858407079644,0.5258602017451575,116885,0,12280,31581,23678,25228,36398,0,35,26,9,10,10,14,0,2,0,1,0
GJA4.fasta,GJA4,92,168728,1834,769,0.4193020719738277,1065,0.5806979280261723,692,0.37731733914940024,21947,0.13007325399459485,0.35301787492295295,0.5154509032288654,146535,0,21947,43051,28354,31210,43920,0,61,80,11,37,21,25,3,1,4,3,0
GJA5.fasta,GJA5,76,43776,576,350,0.6076388888888888,226,0.3923611111111111,140,0.24305555555555555,1456,0.03326023391812866,0.47665387426900585,0.4883954678362573,42246,0,1456,11701,9670,11196,9679,0,14,32,3,3,11,8,1,0,2,0,0
GLI3.fasta,GLI3,95,147060,1548,749,0.4838501291989664,799,0.5161498708010336,538,0.3475452196382429,7154,0.0486468108255134,0.38844009247926015,0.5617095063239494,139729,0,7154,45869,28901,28223,36736,0,43,43,7,31,14,25,3,4,4,3,0
GPR21.fasta,GPR21,81,101169,1249,880,0.7045636509207366,369,0.2954363490792634,210,0.16813450760608487,17269,0.17069458035564253,0.3358439838290385,0.4925125285413516,83804,0,17269,22550,17204,16773,27277,0,24,16,4,14,16,14,2,2,3,1,0
GPR52.fasta,GPR52,62,76570,1235,991,0.8024291497975709,244,0.19757085020242915,138,0.11174089068825911,10687,0.13957163379913803,0.3881415698054068,0.4716207391928954,65832,0,10687,14701,15623,14097,21411,0,15,9,3,5,9,8,2,0,0,0,0
GPR68.fasta,GPR68,142,171394,1207,409,0.3388566694283347,798,0.6611433305716653,633,0.5244407622203812,19125,0.11158500297560008,0.4185794135150589,0.46758346266497075,151883,0,19125,38407,39918,31824,41734,0,92,138,41,17,28,47,8,6,6,3,0
GPR75.fasta,GPR75,146,275064,1884,993,0.5270700636942676,891,0.4729299363057325,731,0.3880042462845011,20888,0.07593869063199837,0.4525855800831806,0.4694580170433063,253621,0,20888,60591,70062,54428,68540,0,77,158,34,31,42,93,31,17,34,38,0
GPR87.fasta,GPR87,143,185471,1297,452,0.3484965304548959,845,0.6515034695451041,696,0.5366229760986893,24392,0.13151382156779226,0.3418593742417952,0.5253651514252902,160845,0,24392,46575,32993,30412,50865,0,59,83,14,26,18,20,4,8,2,0,0
GPR185A.fasta,GPR185A,146,227322,1557,734,0.4714193962748876,823,0.5285806037251124,648,0.4161849710982659,32261,0.14191763225732662,0.4304334820210978,0.4259332576697372,194671,0,32261,42704,53299,44548,54120,0,69,84,25,38,50,50,18,15,21,20,0
GRIN2B.fasta,GRIN2B,96,170880,1780,1081,0.6073033707865169,699,0.39269662921348314,460,0.25842696629213485,9124,0.053394194756554304,0.38579119850187266,0.5600245786516854,161621,0,9124,52901,34213,31711,42796,0,14,34,7,18,16,33,0,2,4,7,0
GRIN3A.fasta,GRIN3A,142,202350,1425,636,0.4463157894736842,789,0.5536842105263158,633,0.4442105263157895,23806,0.11764764022732889,0.34305905609093157,0.5372522856436867,178131,0,23806,53540,32768,36650,55173,0,70,106,21,71,51,53,7,5,19,10,0
GRM1.fasta,GRM1,140,173040,1236,584,0.47249190938511326,652,0.5275080906148867,512,0.41423948220064727,19970,0.11540684234858992,0.34776930189551547,0.536084142394822,152942,0,19970,41779,32571,27607,50985,0,27,49,4,19,9,13,2,0,4,1,0
HELZ2.fasta,HELZ2,84,127008,1512,617,0.4080687830687831,895,0.591931216931217,590,0.39021164021164023,13831,0.10889865205341395,0.39998267825648776,0.48953609221466365,112976,0,13831,32035,25494,25307,30140,0,63,62,16,14,20,18,2,3,2,1,0
HIVEP1.fasta,HIVEP1,146,233016,1596,648,0.40601503759398494,948,0.5939849624060151,768,0.48120300751879697,21457,0.09208380540392076,0.3667387647200192,0.5404264084869709,211384,0,21457,68849,45052,40404,57079,0,61,42,10,20,11,20,1,2,6,2,0
HIVEP2.fasta,HIVEP2,147,522144,3552,1305,0.36739864864864863,2247,0.6326013513513513,1663,0.4681869369369369,69728,0.1335417049702764,0.34352975424404,0.5224861340932769,452185,0,69728,152483,95925,83447,120330,0,73,50,13,39,23,21,5,5,2,0,0
HIVEP3.fasta,HIVEP3,93,324105,3485,1805,0.5179340028694405,1680,0.48206599713055953,947,0.27173601147776183,31883,0.09837244102991315,0.384014439764891,0.5168294225636754,291968,0,31883,90879,70172,54289,76628,0,71,65,13,36,22,37,2,2,3,3,0
HTR1E.fasta,HTR1E,140,165340,1181,578,0.489415749364945,603,0.5105842506350551,506,0.42845046570702794,6805,0.04115761461231402,0.3717128341599129,0.58654288133543,158438,0,6805,47813,33108,28351,49166,0,26,30,4,9,10,13,2,0,1,2,0
IGSF9B.fasta,IGSF9B,136,237048,1743,863,0.4951233505450373,880,0.5048766494549627,710,0.40734366035570857,21024,0.08869089804596537,0.501134791265904,0.40952465323478787,215870,0,21024,47534,66846,51947,49543,0,47,35,9,15,9,17,14,3,1,4,0
IGSF10.fasta,IGSF10,144,226080,1570,646,0.41146496815286626,924,0.5885350318471337,757,0.4821656050955414,12082,0.05344125973106865,0.3750796178343949,0.5703865888181174,213751,0,12082,72013,38830,45968,56940,0,82,64,12,36,15,24,2,7,2,3,0
IMMP2L.fasta,IMMP2L,92,166520,1810,1302,0.7193370165745856,508,0.28066298342541435,264,0.14585635359116023,26413,0.15861758347345664,0.31576387220754265,0.5247898150372328,139969,0,26413,45874,27890,24691,41514,0,34,39,9,18,17,14,2,0,4,1,0
INA.fasta,INA,52,28080,540,367,0.6796296296296296,173,0.32037037037037036,114,0.2111111111111111,1065,0.037927350427350424,0.5476851851851852,0.41242877492877494,26960,0,1065,7532,7489,7890,4049,0,16,19,8,0,3,8,0,1,0,0,0
IQSEC2.fasta,IQSEC2,61,57157,937,683,0.7289220917822838,254,0.2710779082177161,137,0.14621131270010673,3759,0.06576622285984218,0.4889689801774061,0.44407509141487483,53330,0,3759,14225,14320,13628,11157,0,20,18,1,6,10,12,0,1,0,0,0
IRS1.fasta,IRS1,94,138274,1471,961,0.6532970768184908,510,0.3467029231815092,351,0.23861318830727396,10176,0.0735930109782027,0.46856241954380434,0.45678146289251775,127951,0,10176,32143,33318,31472,31018,0,35,37,8,11,10,21,9,8,3,5,0
JMJD1C.fasta,JMJD1C,145,255200,1760,626,0.35568181818181815,1134,0.6443181818181818,829,0.47102272727272726,26797,0.1050039184952978,0.41997648902821316,0.4737539184952978,228080,0,26797,67580,57612,49566,53322,0,77,85,22,40,37,31,7,11,6,7,0
JUN.fasta,JUN,134,152224,1136,489,0.43045774647887325,647,0.5695422535211268,535,0.4709507042253521,14347,0.09424926424216944,0.5554840235442505,0.34838133277275596,137590,0,14347,32752,49115,35443,20280,0,59,83,33,7,19,48,13,2,5,18,0
KANK1.fasta,KANK1,145,283910,1958,683,0.34882533197139937,1275,0.6511746680286006,1015,0.5183861082737488,24523,0.08637596421401149,0.3837096262900215,0.5288260364199923,259078,0,24523,82273,51087,57852,67866,0,99,68,13,43,36,26,1,11,7,5,0
KAT6A.fasta,KAT6A,146,688244,4714,2455,0.520789138735681,2259,0.47921086126431905,1457,0.3090793381417056,198250,0.2880519118219701,0.3378060687779334,0.3723432387350998,488756,0,198250,133841,129038,103455,122422,0,146,254,68,79,160,227,56,87,78,83,0
KBTBD4.fasta,KBTBD4,140,169400,1210,352,0.2909090909090909,858,0.7090909090909091,521,0.4305785123966942,23913,0.1411629279811098,0.47810507674144037,0.3782821723730815,145072,0,23913,31046,42917,38074,33035,0,55,168,28,50,41,34,17,8,10,4,0
KBTBD12.fasta,KBTBD12,144,195696,1359,450,0.33112582781456956,909,0.6688741721854304,720,0.5298013245033113,22990,0.1174781293434715,0.39789775979069575,0.48246259504537653,172283,0,22990,48574,37427,40440,45842,0,118,110,39,35,47,31,15,10,10,8,0
KBTBD13.fasta,KBTBD13,91,152607,1677,835,0.4979129397734049,842,0.5020870602265951,553,0.32975551580202744,6424,0.04209505461741598,0.43054381515919976,0.5254542714292267,145892,0,6424,42190,32966,32738,37998,0,68,103,13,28,27,27,6,5,7,7,0
KCNA2.fasta,KCNA2,95,301055,3169,2236,0.7055853581571474,933,0.29441464184285265,573,0.18081413695171977,32947,0.10943847469731445,0.3778611881549883,0.5120891531447742,267924,0,32947,74771,55131,58626,79396,0,50,66,8,15,17,17,3,1,5,2,0
KCNA3.fasta,KCNA3,81,126846,1566,1100,0.70242656449553,466,0.29757343550446996,270,0.1724137931034483,7112,0.05606798795389685,0.5612080790880281,0.38141525944846505,119568,0,7112,23812,37755,33432,24569,0,36,56,13,7,14,24,5,4,2,5,0
KCNA4.fasta,KCNA4,59,80299,1361,1036,0.7612049963262307,325,0.2387950036737693,209,0.1535635562086701,6049,0.07533095057223627,0.5447265843908392,0.3789337351648215,74169,0,6049,14300,22882,20859,16128,0,33,24,9,2,8,4,0,0,1,0,0
KCNA5.fasta,KCNA5,67,74571,1113,869,0.7807726864330637,244,0.2192273135669362,136,0.12219227313566937,2342,0.03140631076423811,0.5095814726904561,0.4578991833286398,72146,0,2342,16938,19983,18017,17208,0,20,29,7,2,6,12,3,4,0,0,0
KCNA6.fasta,KCNA6,73,73292,1004,713,0.7101593625498008,291,0.2898406374501992,147,0.14641434262948208,2930,0.03997707798941221,0.4423675162364242,0.51667303389183,70290,0,2930,17570,17041,15381,20298,0,15,28,8,6,5,9,0,0,0,1,0
KCND1.fasta,KCND1,83,98023,1181,727,0.615580016934801,454,0.384419983065199,290,0.2455546147332769,15493,0.15805474225436889,0.4199524601369066,0.4207685951256338,82410,0,15493,19905,21837,19328,21340,0,20,57,7,7,12,9,1,1,3,3,0
KCNF1.fasta,KCNF1,144,260496,1809,840,0.46434494195688225,969,0.5356550580431177,779,0.4306246545052515,29948,0.11496529697193048,0.3888543394140409,0.49482525643388,230195,0,29948,63610,47007,54288,65290,0,87,108,26,40,24,34,6,9,12,7,0
KCNJ2.fasta,KCNJ2,145,228230,1574,806,0.5120711562897078,768,0.48792884371029227,647,0.4110546378653113,28205,0.12358147482802437,0.46144678613679185,0.41284230819787054,199539,0,28205,49706,51342,53974,44517,0,79,152,44,24,59,67,20,11,17,13,0
KCNJ10.fasta,KCNJ10,87,107793,1239,361,0.29136400322841,878,0.70863599677159,735,0.5932203389830508,9447,0.08764019927082464,0.5160817492787101,0.39527613110313287,98238,0,9447,21550,26715,28915,21058,0,37,38,6,4,12,8,1,0,1,1,0
KCNJ15.fasta,KCNJ15,143,187616,1312,568,0.4329268292682927,744,0.5670731707317073,615,0.46875,17895,0.09538099096025926,0.3942094490874979,0.508965120245608,169450,0,17895,49089,37120,36840,46401,0,69,97,18,18,21,25,8,2,10,3,0
KCNS3.fasta,KCNS3,143,221078,1546,755,0.4883570504527814,791,0.5116429495472187,662,0.4282018111254851,11645,0.052673716968671694,0.3590180841151087,0.5875709025773709,209270,0,11645,63288,35980,43391,66611,0,40,58,5,17,10,18,3,3,7,2,0
KCNV2.fasta,KCNV2,145,210830,1454,674,0.46354883081155435,780,0.5364511691884457,656,0.4511691884456671,26255,0.12453161314803396,0.37263672152919414,0.5020917326756155,184419,0,26255,52073,35722,42841,53783,0,32,59,10,12,22,10,2,5,2,2,0
KCTD15.fasta,KCTD15,143,170599,1193,468,0.3922883487007544,725,0.6077116512992456,585,0.490360435875943,18856,0.1105281977033863,0.426221724629101,0.46121606808949644,151396,0,18856,42285,37111,35602,36398,0,84,104,19,19,26,38,8,14,16,19,0
KIAA0232.fasta,KIAA0232,147,269304,1832,548,0.29912663755458513,1284,0.7008733624454149,970,0.5294759825327511,19984,0.07420610165463565,0.39047693313133114,0.534696848171583,249153,0,19984,76457,46697,58460,67539,0,51,30,11,24,21,14,3,5,6,2,0
KIAA1217.fasta,KIAA1217,140,152880,1092,425,0.3891941391941392,667,0.6108058608058609,525,0.4807692307692308,19220,0.12571951857666144,0.40686813186813187,0.4661433804290947,133466,0,19220,38346,32196,30006,32918,0,61,53,6,14,17,32,1,2,3,5,0
KIF1B.fasta,KIF1B,144,253008,1757,708,0.40295959021058625,1049,0.5970404097894138,797,0.45361411496869664,29368,0.11607538101562007,0.40404651236324546,0.47794931385568834,223152,0,29368,69678,48141,54086,51247,0,122,107,20,57,70,69,15,7,15,6,0
KIF26A.fasta,KIF26A,96,163968,1708,853,0.4994145199063232,855,0.5005854800936768,566,0.33138173302107726,13885,0.08468115729898516,0.3824099824355972,0.5310731362217018,149782,0,13885,46927,32856,29847,40152,0,66,91,16,33,24,44,1,2,12,12,0
KIF26B.fasta,KIF26B,147,307377,2091,912,0.43615494978479197,1179,0.563845050215208,889,0.4251554280248685,75786,0.24655715944914552,0.32466970528048616,0.4277776151110851,231285,0,75786,71324,48519,51277,60165,0,76,88,19,34,27,27,8,11,12,4,0
KLF5.fasta,KLF5,144,183168,1272,415,0.32625786163522014,857,0.6737421383647799,644,0.5062893081761006,32971,0.18000414919636618,0.3549255328441649,0.4639074510831586,149984,0,32971,47072,38372,26639,37901,0,44,42,14,34,23,18,6,10,14,8,0
KLF7.fasta,KLF7,142,151656,1068,313,0.29307116104868913,755,0.7069288389513109,570,0.5337078651685393,29360,0.19359603312760457,0.34032283589175505,0.46536239911378385,122187,0,29360,34834,26824,24788,35741,0,31,21,4,16,17,13,2,0,4,1,0
KLHL11.fasta,KLHL11,147,250929,1707,838,0.4909197422378442,869,0.5090802577621558,723,0.4235500878734622,12707,0.050639822419887695,0.43264827899525365,0.5153091113422522,237870,0,12707,66148,51156,57408,63158,0,89,97,20,22,29,39,15,10,22,9,0
KLHL31.fasta,KLHL31,144,223632,1553,721,0.4642627173213136,832,0.5357372826786864,672,0.4327108821635544,24775,0.11078468197753452,0.3464888745796666,0.5415191028117622,198587,0,24775,61203,36485,41001,59898,0,49,76,18,42,31,26,4,11,7,6,0
KLHL34.fasta,KLHL34,91,197197,2167,1019,0.47023534840793724,1148,0.5297646515920628,701,0.3234886940470697,14408,0.07306399184571774,0.3514455088059149,0.5739083251773607,182477,0,14408,59499,32238,37066,53674,0,92,86,14,35,40,35,1,2,5,2,0
KLHL38.fasta,KLHL38,139,230740,1660,481,0.2897590361445783,1179,0.7102409638554217,922,0.555421686746988,26712,0.11576666377741181,0.3952890699488602,0.4874447430007801,203682,0,26712,56279,46981,44228,56194,0,97,123,21,28,29,29,3,9,2,5,0
KLHL40.fasta,KLHL40,145,236930,1634,639,0.39106487148102814,995,0.6089351285189718,822,0.5030599755201959,26989,0.11391128181319377,0.41026885578018824,0.47400920102984,209512,0,26989,58362,45055,52150,53945,0,118,126,21,28,61,33,16,7,11,8,0
KMT2A.fasta,KMT2A,145,254765,1757,449,0.25554923164484916,1308,0.7444507683551508,937,0.5332953898690951,17406,0.06832178674464703,0.40750103036131335,0.523600180558554,237212,0,17406,75366,52286,51531,58029,0,41,33,10,16,16,21,0,4,6,0,0
LGR5.fasta,LGR5,145,216195,1491,576,0.386317907444668,915,0.613682092555332,693,0.4647887323943662,27676,0.1280140613797729,0.35005897453687645,0.5211360114711256,188348,0,27676,48668,41722,33959,63999,0,36,65,11,9,17,17,0,5,6,5,0
LRRN1.fasta,LRRN1,74,41514,561,334,0.5953654188948306,227,0.40463458110516937,150,0.26737967914438504,4283,0.10317001493472082,0.45767692826516354,0.43667196608373077,37128,0,4283,9394,10840,8160,8734,0,31,42,5,5,5,12,1,0,1,1,0
MACF1.fasta,MACF1,83,77439,933,256,0.27438370846730975,677,0.7256162915326902,469,0.5026795284030011,11877,0.15337233177081316,0.3504564883327522,0.495241415824068,65490,0,11877,17790,15058,12081,20561,0,13,29,4,8,10,6,1,0,0,1,0
MACROD2.fasta,MACROD2,148,261812,1769,828,0.46806105144149235,941,0.5319389485585077,739,0.4177501413227812,23901,0.09129069714146028,0.38397399660825327,0.5238224374742182,237672,0,23901,69809,53583,46946,67334,0,40,55,17,38,22,41,7,7,5,7,0
MAML1.fasta,MAML1,95,142975,1505,790,0.5249169435215947,715,0.4750830564784053,489,0.32491694352159467,6146,0.04298653610771114,0.43176779157195316,0.5238957859765694,136636,0,6146,40507,32026,29706,34397,0,54,48,13,17,25,18,3,7,4,4,0
MAML2.fasta,MAML2,141,197823,1403,446,0.3178902352102637,957,0.6821097647897363,791,0.5637918745545261,27992,0.14150023000358908,0.36071134296820895,0.49685830262406294,169647,0,27992,56327,40579,30778,41963,0,53,46,21,14,13,31,2,1,2,1,0
MAP1A.fasta,MAP1A,144,229392,1593,510,0.32015065913371,1083,0.67984934086629,890,0.5586942875078468,16616,0.07243495849898864,0.3642498430634024,0.5623779382018553,212561,0,16616,76271,40016,43540,52734,0,63,49,6,21,23,37,2,5,4,5,0
MAST2.fasta,MAST2,124,115568,932,359,0.3851931330472103,573,0.6148068669527897,468,0.5021459227467812,11694,0.10118717984217085,0.5339280769763256,0.3635435414647653,103719,0,11694,22960,33624,28081,19054,0,36,44,11,4,25,21,3,7,0,4,0
MED1.fasta,MED1,145,263465,1817,860,0.4733076499724821,957,0.5266923500275179,772,0.42487616951018164,15276,0.057981136014271344,0.4343688915036153,0.5071869128726776,248067,0,15276,76742,56310,58131,56884,0,36,28,10,12,9,16,0,2,5,4,0
MET.fasta,MET,89,119794,1346,576,0.4279346210995542,770,0.5720653789004457,495,0.36775631500742945,3945,0.03293153246406331,0.40376813529892985,0.5615556705678081,115640,0,3945,34769,23156,25213,32502,0,62,56,17,17,19,27,1,3,3,4,0
MGMT.fasta,MGMT,94,102272,1088,348,0.31985294117647056,740,0.6801470588235294,579,0.5321691176470589,12530,0.12251642678347935,0.335008604505632,0.5402358416770964,89513,0,12530,27068,16619,17643,28183,0,45,52,15,33,27,29,11,5,8,4,0
MICAL3.fasta,MICAL3,140,253680,1812,282,0.15562913907284767,1530,0.8443708609271523,1379,0.7610375275938189,32369,0.1275977609586881,0.45284610532954905,0.41705692210659095,220677,0,32369,59950,62901,51977,45849,0,169,161,46,38,50,103,17,9,16,25,0
MINAR1.fasta,MINAR1,94,167508,1782,1024,0.574635241301908,758,0.42536475869809204,507,0.2845117845117845,8739,0.05217064259617451,0.39119922630560927,0.5555197363708002,158583,0,8739,55058,33600,31929,37996,0,54,46,14,25,7,27,4,1,5,3,0
MSH6.fasta,MSH6,142,240690,1695,688,0.40589970501474926,1007,0.5941002949852507,832,0.49085545722713864,20187,0.0838713698117911,0.39997507166895174,0.5148157380863351,220181,0,20187,65170,45022,51248,58741,0,101,103,12,21,42,26,2,11,3,1,0
MTCL1.fasta,MTCL1,94,169388,1802,856,0.4750277469478357,946,0.5249722530521642,606,0.3362930077691454,8114,0.0479018584551444,0.3849387205705245,0.5656421942522493,161017,0,8114,50185,33124,32080,45628,0,90,50,6,24,34,36,1,5,8,3,0
MYADML2.fasta,MYADML2,145,193140,1332,518,0.3888888888888889,814,0.6111111111111112,634,0.47597597597597596,30600,0.15843429636533085,0.43623278450864655,0.4024904214559387,161991,0,30600,31792,43034,41220,45945,0,97,136,42,56,100,37,24,30,12,15,0
NCOA6.fasta,NCOA6,145,237510,1638,531,0.3241758241758242,1107,0.6758241758241759,883,0.539072039072039,23610,0.09940634078565114,0.4148372700096838,0.48483432276535726,213681,0,23610,67100,57662,40866,48053,0,45,39,10,13,20,44,6,6,25,11,0
NDNF.fasta,NDNF,145,276660,1908,882,0.46226415094339623,1026,0.5377358490566038,806,0.4224318658280922,28444,0.10281211595460131,0.35881948962625604,0.5371755945926407,247886,0,28444,84472,48606,50665,64143,0,85,92,22,41,24,36,5,4,15,6,0
NDST1.fasta,NDST1,75,53775,717,209,0.2914923291492329,508,0.708507670850767,235,0.3277545327754533,3533,0.06569967456996746,0.4296420269642027,0.5016829381682938,50082,0,3533,12396,10400,12704,14582,0,49,31,12,19,25,16,4,2,0,2,0
NDST2.fasta,NDST2,142,200930,1415,711,0.5024734982332155,704,0.4975265017667845,569,0.4021201413427562,18255,0.09085253570895337,0.41813566913850597,0.48973771960384216,182419,0,18255,46536,40359,43657,51867,0,54,68,16,37,34,18,9,10,8,2,0
NEFL.fasta,NEFL,65,69095,1063,642,0.6039510818438382,421,0.39604891815616183,267,0.25117591721542804,5285,0.07648889210507273,0.6147333381576091,0.3072725957015703,63706,0,5285,12648,21197,21278,8583,0,25,39,12,2,8,5,5,1,2,5,0
NEFM.fasta,NEFM,144,212400,1475,504,0.3416949152542373,971,0.6583050847457627,777,0.5267796610169492,25662,0.12081920903954803,0.507542372881356,0.3703860640301318,186472,0,25662,50000,52131,55671,28670,0,77,66,36,11,30,30,4,4,3,5,0
NEXMIF.fasta,NEXMIF,146,282218,1933,800,0.4138644593895499,1133,0.58613554061045,917,0.4743921365752716,19871,0.07041010849768618,0.40642694654486955,0.5225464003004769,262173,0,19871,87402,57551,57150,60070,0,45,53,9,13,14,25,3,7,3,2,0
NFATC1.fasta,NFATC1,92,136896,1488,844,0.5672043010752689,644,0.4327956989247312,423,0.2842741935483871,7533,0.05502717391304348,0.3839776180458158,0.5599433146330061,129219,0,7533,40555,32143,20422,36099,0,30,40,5,27,16,15,2,4,0,5,0
NFATC3.fasta,NFATC3,104,116688,1122,290,0.25846702317290554,832,0.7415329768270945,686,0.6114081996434938,5618,0.04814548196901138,0.4216200466200466,0.5295917317976141,110995,0,5618,30707,29609,19589,31090,0,28,19,4,4,6,8,0,2,2,2,0
NFIL3.fasta,NFIL3,145,240410,1658,778,0.4692400482509047,880,0.5307599517490953,689,0.41556091676718937,22705,0.09444282683748596,0.3683415831288216,0.536562538995882,217548,0,22705,71895,43248,45305,57100,0,44,44,8,15,10,18,3,5,7,3,0
NHS.fasta,NHS,140,263340,1881,679,0.36097820308346623,1202,0.6390217969165337,916,0.4869750132908028,15634,0.059368117262854105,0.381381484013063,0.5586238323080428,247541,0,15634,84232,57028,43405,62876,0,40,49,7,20,12,13,4,4,6,10,0
NHSL1.fasta,NHSL1,147,252840,1720,463,0.2691860465116279,1257,0.7308139534883721,1024,0.5953488372093023,19175,0.07583847492485367,0.38978405315614617,0.5333887043189369,233415,0,19175,74199,58573,39980,60663,0,64,73,17,22,17,29,6,9,6,7,0
NIF.fasta,NIF,57,31806,558,325,0.5824372759856631,233,0.4175627240143369,146,0.2616487455197133,1082,0.03401873860277935,0.6256995535433566,0.33776645915864933,30644,0,1082,6859,10503,9398,3884,0,15,21,17,2,6,10,5,1,2,1,0
NKTR.fasta,NKTR,88,77000,875,317,0.36228571428571427,558,0.6377142857142857,362,0.4137142857142857,5348,0.06945454545454545,0.4206233766233766,0.5080389610389611,71507,0,5348,22564,17841,14547,16555,0,51,40,11,16,12,12,1,2,0,0,0
NOVA1.fasta,NOVA1,146,233162,1597,862,0.5397620538509705,735,0.4602379461490294,514,0.32185347526612396,23525,0.10089551470651306,0.4177781971333236,0.4807387138556025,209500,0,23525,53168,47146,50264,58922,0,19,29,10,26,22,7,8,5,4,7,0
NPAS3.fasta,NPAS3,144,266256,1849,738,0.3991346673877772,1111,0.6008653326122229,840,0.45429962141698216,26625,0.09999774652965567,0.4324071570218136,0.46681389339582957,239423,0,26625,67565,54646,60485,56727,0,46,51,15,22,21,24,3,5,13,8,0
NPBWR1.fasta,NPBWR1,95,135280,1424,630,0.44241573033707865,794,0.5575842696629213,560,0.39325842696629215,10892,0.08051448846836191,0.43149763453577766,0.4847797161442933,123954,0,10892,29735,32085,26288,35846,0,106,161,26,24,39,49,10,3,14,2,0
NPBWR2.fasta,NPBWR2,137,153851,1123,542,0.4826357969723954,581,0.5173642030276047,470,0.41852181656277826,14305,0.09297957114350898,0.369084373842224,0.5368310898206706,139376,0,14305,37458,29786,26998,45134,0,26,72,16,11,16,24,0,3,1,1,0
NR3C2.fasta,NR3C2,145,311025,2145,745,0.3473193473193473,1400,0.6526806526806527,1050,0.48951048951048953,28826,0.09268065268065268,0.3866956032473274,0.5199003295555019,281974,0,28826,79223,60741,59531,82479,0,66,51,11,22,28,20,3,9,8,7,0
NRG1.fasta,NRG1,94,144478,1537,738,0.4801561483409239,799,0.5198438516590761,473,0.3077423552374756,6372,0.04410360054818035,0.40856739434377554,0.5460070045266407,137915,0,6372,40027,29565,29464,38859,0,61,41,18,23,17,13,3,3,5,7,0
NRIP1.fasta,NRIP1,91,143416,1576,705,0.4473350253807107,871,0.5526649746192893,616,0.39086294416243655,11262,0.07852680314609249,0.377858816310593,0.5422686450605232,131961,0,11262,44708,30812,23379,33062,0,54,55,11,22,20,26,1,1,1,2,0
NUAK1.fasta,NUAK1,146,212722,1457,465,0.3191489361702128,992,0.6808510638297872,761,0.5223061084420041,34089,0.16025140794088058,0.33999304256259344,0.4987260367992027,178414,0,34089,58164,33337,38987,47926,0,53,39,13,31,28,25,1,11,16,2,0
NWD2.fasta,NWD2,146,259734,1779,844,0.4744238336143901,935,0.5255761663856099,732,0.4114671163575042,18310,0.07049519893429432,0.3647192897348826,0.5639115402681205,241197,0,18310,76356,42977,51753,70111,0,56,74,12,24,19,21,4,7,7,3,0
NXPH1.fasta,NXPH1,67,46029,687,551,0.8020378457059679,136,0.19796215429403202,90,0.13100436681222707,1566,0.03402202959004106,0.40928545047687326,0.5559755806122227,44430,0,1566,14310,9884,8955,11281,0,6,13,3,5,1,5,0,0,0,0,0
NXPH3.fasta,NXPH3,92,87492,951,579,0.6088328075709779,372,0.3911671924290221,238,0.2502628811777077,4916,0.056187994330910256,0.41794678370593885,0.5245851049238788,82464,0,4916,22561,18838,17729,23336,0,27,34,6,16,9,15,4,0,1,0,0
OLFML3.fasta,OLFML3,146,162498,1113,388,0.34860736747529203,725,0.651392632524708,539,0.48427672955974843,23349,0.14368792231289002,0.3519674088296471,0.5033661952762496,138990,0,23349,41432,27962,29232,40364,0,34,54,10,9,18,19,1,5,6,3,0
P2RY1.fasta,P2RY1,83,105576,1272,972,0.7641509433962265,300,0.2358490566037736,156,0.12264150943396226,3761,0.03562362658179889,0.40035614154732135,0.5633287868454951,101742,0,3761,27552,21589,20679,31922,0,21,32,3,3,4,7,1,1,1,0,0
PALLD.fasta,PALLD,92,103592,1126,436,0.3872113676731794,690,0.6127886323268206,421,0.3738898756660746,4403,0.04250328210672639,0.39796509382963935,0.5579774499961387,99028,0,4403,34045,20759,20467,23757,0,36,40,10,26,17,19,3,2,3,5,0
PCDH17.fasta,PCDH17,53,89835,1695,875,0.5162241887905604,820,0.4837758112094395,663,0.3911504424778761,296,0.003294929593142984,0.43353926643290475,0.5630656203038905,89530,0,296,26405,19045,19902,24178,0,1,2,0,1,3,2,0,0,0,0,0
PCDH18.fasta,PCDH18,144,264528,1837,802,0.43658138268916713,1035,0.5634186173108329,828,0.45073489384866633,34388,0.129997580596383,0.364853626081171,0.5042528579205225,229903,0,34388,72342,50524,45990,61047,0,53,93,11,24,21,20,6,1,4,4,0
PCLO.fasta,PCLO,143,251823,1761,872,0.4951731970471323,889,0.5048268029528676,726,0.4122657580919932,12398,0.04923299301493509,0.3810533589068512,0.5690584259579149,239260,0,12398,80897,55676,40282,62405,0,53,32,5,25,13,27,3,4,2,1,0
PDSS2.fasta,PDSS2,146,275356,1886,470,0.2492046659597031,1416,0.750795334040297,1264,0.6702014846235419,55003,0.19975232063219978,0.32847295864262993,0.47101207164543357,220143,0,55003,65643,45188,45259,64053,0,64,48,11,22,29,22,2,6,3,3,0
PDZRN3.fasta,PDZRN3,138,237774,1723,819,0.4753337202553685,904,0.5246662797446314,736,0.4271619268717353,14310,0.0601831991723233,0.44408556023787293,0.4945031836954419,223172,0,14310,72721,51653,53939,44859,0,92,90,12,16,18,30,8,8,7,11,0
PDZRN4.fasta,PDZRN4,144,257184,1786,764,0.42777155655095184,1022,0.5722284434490481,719,0.40257558790593506,58000,0.22551947243996517,0.2945478723404255,0.47903835386338184,198954,0,58000,74290,33806,41947,48911,0,66,68,5,32,16,29,2,5,5,2,0
PIGO.fasta,PIGO,88,155848,1771,663,0.3743647656691135,1108,0.6256352343308865,785,0.4432523997741389,8941,0.057370001539962016,0.5237924131204763,0.41523792413120475,146346,0,8941,27541,41408,40224,37173,0,164,171,55,36,58,36,6,8,19,8,0
PLCH1.fasta,PLCH1,92,85744,932,366,0.3927038626609442,566,0.6072961373390557,383,0.41094420600858367,4522,0.052738384026870685,0.37749580145549544,0.5680514088449338,81075,0,4522,26626,16145,16223,22081,0,39,33,10,16,24,17,1,4,3,0,0
PLCL2.fasta,PLCL2,93,179862,1934,1182,0.6111685625646329,752,0.38883143743536713,459,0.23733195449844882,30391,0.16896843135292614,0.314663464211451,0.5153339782722309,149285,0,30391,48974,24905,31691,43715,0,43,55,10,26,13,22,4,5,3,5,0
PLEC.fasta,PLEC,50,32450,649,434,0.6687211093990755,215,0.3312788906009245,147,0.22650231124807396,142,0.0043759630200308165,0.48221879815100155,0.5115254237288136,32247,0,142,9783,8002,7646,6816,0,24,18,6,4,4,4,0,0,0,1,0
PLPPR4.fasta,PLPPR4,144,241920,1680,875,0.5208333333333334,805,0.4791666666666667,652,0.3880952380952381,23683,0.09789599867724867,0.37625661375661373,0.5250330687830688,218040,0,23683,75294,45446,45578,51722,0,58,54,14,21,17,22,2,3,5,1,0
PLXNA1.fasta,PLXNA1,96,132768,1383,737,0.5328994938539408,646,0.4671005061460593,473,0.3420101229211858,6192,0.046637744034707156,0.4293127862135454,0.5214358881658231,126229,0,6192,31563,29753,27246,37667,0,81,103,21,26,46,36,8,9,13,4,0
PLXNA2.fasta,PLXNA2,87,124149,1427,881,0.6173791170287316,546,0.3826208829712684,291,0.20392431674842326,25228,0.20320743622582543,0.321218857985163,0.47500181233839983,98850,0,25228,28794,20947,18932,30177,0,14,15,6,11,7,12,0,1,4,1,0
PLXNA4.fasta,PLXNA4,140,134540,961,463,0.481789802289282,498,0.518210197710718,359,0.37356919875130074,19583,0.14555522521183292,0.3276795005202914,0.5257469897428274,114820,0,19583,36823,22121,21965,33911,0,33,40,2,15,25,13,0,6,1,2,0
PNPLA3.fasta,PNPLA3,92,120704,1312,237,0.18064024390243902,1075,0.819359756097561,851,0.6486280487804879,8304,0.06879639448568399,0.35990522269353126,0.5691029294803818,112135,0,8304,36722,21976,21466,31971,0,69,79,16,32,28,30,1,4,5,1,0
PPP1R3A.fasta,PPP1R3A,86,82818,963,398,0.4132917964693666,565,0.5867082035306335,379,0.3935617860851506,5336,0.06443043782752542,0.36389432249027986,0.5699123378975585,77336,0,5336,25178,13968,16169,22021,0,42,31,9,16,21,19,0,2,4,2,0
PPP1R42.fasta,PPP1R42,92,86480,940,223,0.2372340425531915,717,0.7627659574468085,568,0.6042553191489362,7791,0.09009019426456984,0.3327358926919519,0.574595282146161,78466,0,7791,24476,13870,14905,25215,0,60,51,18,31,22,25,5,7,2,2,0
PRDM11.fasta,PRDM11,148,286824,1938,1128,0.5820433436532507,810,0.4179566563467492,690,0.3560371517027864,17654,0.06154994003291217,0.44104398516163223,0.4964786768192341,268904,0,17654,74770,62391,64111,67632,0,54,94,21,10,20,31,10,7,13,6,0
PRDM16.fasta,PRDM16,143,246818,1726,842,0.48783314020857477,884,0.5121668597914253,676,0.39165701042873696,20893,0.08464941778962637,0.3916529588603749,0.5227941236052476,225702,0,20893,65732,55693,40974,63303,0,57,62,5,35,18,27,3,6,4,6,0
PRRC2C.fasta,PRRC2C,93,157728,1696,835,0.49233490566037735,861,0.5076650943396226,537,0.31662735849056606,6583,0.04173640697910327,0.4295115642118077,0.5235341854331508,150322,0,6583,49230,31602,36144,33346,0,249,205,35,68,88,102,12,28,21,15,0
PRSS23.fasta,PRSS23,145,209090,1442,570,0.39528432732316227,872,0.6047156726768377,691,0.4791955617198336,26311,0.12583576450332393,0.38896169113778756,0.4833994930412741,182402,0,26311,55881,39612,41716,45193,0,104,136,23,26,28,23,6,13,14,4,0
PSKH1.fasta,PSKH1,91,96551,1061,576,0.5428840716305372,485,0.4571159283694628,331,0.31196983977379833,5597,0.05796936334165363,0.3664902486768651,0.5746185953537508,90865,0,5597,30940,16807,18578,24540,0,23,21,8,10,10,14,1,0,1,1,0
PSKH2.fasta,PSKH2,92,98808,1074,485,0.4515828677839851,589,0.5484171322160148,406,0.3780260707635009,7446,0.0753582705853777,0.390838798477856,0.5312828920735163,91113,0,7446,26845,17707,20911,25650,0,60,66,35,20,19,34,5,4,3,3,0
PXDN.fasta,PXDN,143,460317,3219,1556,0.48337993165579374,1663,0.5166200683442063,1177,0.36564150357253805,115605,0.25114214769387183,0.3454467247570696,0.4024009541250921,344247,0,115605,91044,83056,75959,94188,0,151,148,29,40,30,40,5,6,9,7,0
RAG1.fasta,RAG1,146,272436,1866,861,0.46141479099678456,1005,0.5385852090032154,865,0.46355841371918544,21143,0.07760721784198858,0.39804945014608933,0.5226475208856391,250831,0,21143,77974,52287,56156,64414,0,112,155,27,40,32,44,12,8,17,15,0
RAI1.fasta,RAI1,145,262595,1811,822,0.45389287686361124,989,0.5461071231363888,789,0.43567090005521814,13123,0.049974295017041453,0.4661855709362326,0.4828766732039833,249219,0,13123,71170,72717,49701,55631,0,64,80,17,23,24,23,4,6,6,6,0
RANBP2.fasta,RANBP2,134,103448,772,166,0.21502590673575128,606,0.7849740932642487,503,0.6515544041450777,16779,0.16219743252648675,0.3358595622921661,0.5013630036346763,86609,0,16779,30009,15176,19568,21856,0,18,8,5,7,8,9,1,3,0,1,0
RASAL2.fasta,RASAL2,146,154760,1060,480,0.4528301886792453,580,0.5471698113207547,470,0.44339622641509435,15950,0.10306280692685449,0.4511760144740243,0.4444300852933575,138604,0,15950,38713,39097,30727,30067,0,47,55,15,22,21,24,4,3,11,4,0
RBM15B.fasta,RBM15B,55,40755,741,440,0.5937921727395412,301,0.40620782726045884,184,0.2483130904183536,566,0.013887866519445466,0.6647037173352963,0.3191510244141823,40097,0,566,7405,14647,12443,5602,0,15,27,6,0,20,7,6,7,0,4,0
RHOV.fasta,RHOV,139,119679,861,267,0.31010452961672474,594,0.6898954703832753,441,0.5121951219512195,27840,0.23262226455769183,0.34895010820611805,0.41648910836487607,91607,0,27840,26794,22851,18911,23051,0,57,76,13,27,24,27,2,1,5,0,0
RIN2.fasta,RIN2,147,213003,1449,504,0.34782608695652173,945,0.6521739130434783,701,0.48378191856452724,25171,0.11817204452519448,0.40650601165241806,0.4742139782068797,187596,0,25171,55549,48026,38561,45460,0,77,71,19,14,11,26,6,7,3,2,0
RLF.fasta,RLF,91,146874,1614,779,0.4826517967781908,835,0.5173482032218092,564,0.34944237918215615,8074,0.054972289173032665,0.35453517981399024,0.5893282677669295,138629,0,8074,46958,26460,25612,39599,0,49,33,9,27,22,19,0,3,8,1,0
RNF139.fasta,RNF139,146,279736,1916,797,0.41597077244258873,1119,0.5840292275574113,871,0.4545929018789144,30375,0.1085845225498327,0.4228558355020448,0.4675193754111019,249070,0,30375,55503,61002,57286,75279,0,72,100,16,19,21,29,16,5,8,5,0
ROR2.fasta,ROR2,148,266992,1804,848,0.4700665188470067,956,0.5299334811529933,728,0.4035476718403548,23785,0.08908506621921256,0.390858153053275,0.5192402768622281,242989,0,23785,75651,52848,51508,62982,0,40,51,17,35,21,25,9,5,11,4,0
RREB1.fasta,RREB1,145,254330,1754,635,0.3620296465222349,1119,0.6379703534777651,876,0.49942987457240595,20804,0.08179923721149687,0.3906460110879566,0.5267133252074077,233312,0,20804,73103,54660,44693,60856,0,50,58,8,29,22,26,6,4,8,3,0
RXFP3.fasta,RXFP3,95,140410,1478,742,0.5020297699594046,736,0.4979702300405954,548,0.37077131258457374,5760,0.041022719179545614,0.43969090520618187,0.5177124136457517,134429,0,5760,33326,32808,28929,39366,0,44,83,17,17,12,26,7,5,7,3,0
S1PR1.fasta,S1PR1,144,212256,1474,407,0.27611940298507465,1067,0.7238805970149254,908,0.6160108548168249,26147,0.12318615257048093,0.35412897633046886,0.5218603949947234,185934,0,26147,52576,38368,36798,58192,0,51,61,11,16,7,20,3,1,2,3,0
SACS.fasta,SACS,147,519498,3534,1421,0.4020939445387663,2113,0.5979060554612338,1673,0.47340124504810416,52364,0.10079730817058007,0.3617877258430254,0.5364082248632334,466611,0,52364,141475,86233,101715,137188,0,148,135,26,49,66,57,8,13,15,6,0
SALL3.fasta,SALL3,145,216195,1491,559,0.374916163648558,932,0.6250838363514419,749,0.5023474178403756,20020,0.09260158653067832,0.35341242859455585,0.5528666250375818,195933,0,20020,67560,39855,36551,51967,0,47,52,18,35,27,33,3,13,10,4,0
SCG2.fasta,SCG2,89,103151,1159,487,0.4201898188093184,672,0.5798101811906816,443,0.3822260569456428,10044,0.09737181413655709,0.33907572393869184,0.5623212571860671,92980,0,10044,32342,15510,19466,25662,0,35,27,9,18,11,23,0,3,0,1,0
SEMA6A.fasta,SEMA6A,147,259896,1768,996,0.5633484162895928,772,0.43665158371040724,522,0.29524886877828055,33880,0.1303598362421892,0.3608250992704774,0.5083379505648413,225892,0,33880,72205,52023,41754,59910,0,22,26,2,24,18,16,6,6,4,0,0
SEMA6D.fasta,SEMA6D,146,282510,1935,845,0.43669250645994834,1090,0.5633074935400517,839,0.43359173126614986,28810,0.1019786910197869,0.36487203992779016,0.5323280591837457,253468,0,28810,81801,55890,47190,68587,0,47,59,21,29,29,23,5,5,8,6,0
SETBP1.fasta,SETBP1,148,270840,1830,913,0.4989071038251366,917,0.5010928961748634,731,0.3994535519125683,18822,0.06949490474080638,0.4157251513808891,0.5138716585437897,251772,0,18822,83116,60639,51956,56061,0,80,65,9,11,34,17,4,6,11,9,0
SETD2.fasta,SETD2,65,54925,845,341,0.4035502958579882,504,0.5964497041420118,308,0.36449704142011835,3035,0.05525716886663632,0.4207191624943104,0.5223668639053255,51799,0,3035,17211,11342,11766,11480,0,33,18,8,11,10,9,1,1,0,0,0
SH3PXD2A.fasta,SH3PXD2A,142,323760,2280,819,0.3592105263157895,1461,0.6407894736842106,1171,0.5135964912280702,37412,0.11555473190017297,0.3652427724240178,0.517562391895231,285817,0,37412,99111,58510,59741,68455,0,148,135,32,67,60,51,6,12,10,10,0
SH3TC2.fasta,SH3TC2,92,123924,1347,670,0.4974016332590943,677,0.5025983667409057,454,0.3370452858203415,5422,0.04375262257512669,0.38182273006035955,0.5730447693747781,118331,0,5422,34628,22866,24451,36386,0,43,43,12,27,17,22,1,2,3,1,0
SHANK2.fasta,SHANK2,145,422095,2911,1246,0.42803160425970455,1665,0.5719683957402955,1270,0.436276193747853,46302,0.10969568462076074,0.4095049692604745,0.4795389663464386,375261,0,46302,114568,89995,82855,87843,0,92,117,50,28,36,93,19,17,33,47,0
SHMT2.fasta,SHMT2,93,88815,955,352,0.36858638743455496,603,0.631413612565445,461,0.4827225130890052,12237,0.13778078027360244,0.3613015819399876,0.49965658954005515,76466,0,12237,23500,15974,16115,20877,0,38,28,8,12,9,11,0,0,3,3,0
SHROOM3.fasta,SHROOM3,146,204838,1403,430,0.30648610121168923,973,0.6935138987883107,739,0.5267284390591589,23030,0.11243031078217909,0.37200617073004033,0.5147384762592878,181639,0,23030,58292,41383,34818,47146,0,55,48,8,14,15,19,2,1,4,3,0
SIAH1.fasta,SIAH1,89,75116,844,576,0.6824644549763034,268,0.3175355450236967,189,0.22393364928909953,4330,0.05764417700623036,0.49274455508813036,0.44774748389158103,70646,0,4330,16839,19708,17305,16794,0,34,42,7,11,17,15,5,4,4,1,0
SIAH2.fasta,SIAH2,144,135648,942,441,0.4681528662420382,501,0.5318471337579618,340,0.3609341825902335,26373,0.19442232837933474,0.35483752064166074,0.4495016513328615,109107,0,26373,28807,24601,23532,32167,0,23,60,2,36,20,7,8,4,5,3,0
SIM1.fasta,SIM1,143,183326,1282,455,0.3549141965678627,827,0.6450858034321373,582,0.4539781591263651,37009,0.20187534774118238,0.3080359578019484,0.4889377393277549,146106,0,37009,48349,28465,28006,41286,0,48,55,12,27,30,25,2,3,5,4,0
SIPA1L1.fasta,SIPA1L1,143,244816,1712,824,0.48130841121495327,888,0.5186915887850467,734,0.4287383177570093,15358,0.06273282791974381,0.3913020390824129,0.5452012940330697,229271,0,15358,71910,44848,50949,61564,0,36,52,4,16,24,26,6,5,9,9,0
SKIL.fasta,SKIL,148,203056,1372,509,0.37099125364431484,863,0.6290087463556852,653,0.47594752186588923,26634,0.13116578677803167,0.38864155700890396,0.4785034670238752,176079,0,26634,49997,39210,39706,47166,0,77,87,16,37,28,42,12,9,22,13,0
SLC8A1.fasta,SLC8A1,83,66815,805,577,0.7167701863354037,228,0.28322981366459626,146,0.1813664596273292,3703,0.05542168674698795,0.3916036818079773,0.5523011299857816,63067,0,3703,17102,11642,14523,19800,0,13,12,5,7,6,2,0,0,0,0,0
SLC8A3.fasta,SLC8A3,148,274540,1855,986,0.5315363881401617,869,0.46846361185983826,726,0.3913746630727763,18874,0.06874772346470459,0.3689735557660086,0.5616012238653748,255480,0,18874,75750,45137,56161,78432,0,46,60,5,20,13,21,4,10,3,4,0
SLC26A1.fasta,SLC26A1,50,45550,911,579,0.6355653128430296,332,0.36443468715697036,183,0.20087815587266739,471,0.010340285400658617,0.4166190998902305,0.5717233809001098,45019,0,471,12076,9862,9115,13966,0,18,22,3,2,6,6,1,1,0,1,0
SLC26A2.fasta,SLC26A2,143,229801,1607,731,0.4548848786558805,876,0.5451151213441194,652,0.4057249533291848,32270,0.14042584671084982,0.3426268815192275,0.5158071548861841,197269,0,32270,54778,39505,39231,63755,0,76,80,20,23,26,22,3,7,3,2,0
SMCR8.fasta,SMCR8,146,301198,2063,766,0.37130392632089193,1297,0.6286960736791081,1043,0.5055744062045565,40770,0.13535946453827716,0.4622573855072079,0.4005537885377725,259877,0,40770,64933,70435,68796,55713,0,135,166,44,31,59,72,12,6,12,14,0
SNRK.fasta,SNRK,147,258426,1758,724,0.4118316268486917,1034,0.5881683731513083,784,0.4459613196814562,43613,0.1687639788566166,0.35278957999582083,0.4769295659105508,214421,0,43613,66227,41921,49249,57024,0,63,71,16,59,73,43,24,13,23,7,0
SOCS5.fasta,SOCS5,135,110025,815,458,0.561963190184049,357,0.43803680981595094,288,0.35337423312883437,9677,0.0879527380140877,0.4725471483753692,0.43850942967507384,100239,0,9677,24027,27556,24436,24220,0,27,37,9,8,12,11,1,2,2,0,0
SORBS2.fasta,SORBS2,146,294482,2017,754,0.3738225086762519,1263,0.6261774913237481,974,0.48289538919186914,27331,0.09281042644372152,0.38451586175046354,0.5217059107178028,266866,0,27331,80755,59111,54122,72878,0,79,82,13,20,32,31,4,7,9,8,0
SOWAHB.fasta,SOWAHB,92,154192,1676,715,0.4266109785202864,961,0.5733890214797136,605,0.36097852028639615,13371,0.08671656117048875,0.3860835841029366,0.5256174120576943,140577,0,13371,44070,28679,30852,36976,0,69,48,10,25,37,29,7,8,8,3,0
SP4.fasta,SP4,146,247762,1697,737,0.43429581614614027,960,0.5657041838538598,791,0.4661166764879199,20689,0.08350352354275474,0.4685141385684649,0.44675939005981546,226770,0,20689,61297,66687,49393,49393,0,86,74,24,24,23,27,17,10,10,8,0
SPEN.fasta,SPEN,146,251120,1720,418,0.24302325581395348,1302,0.7569767441860465,1137,0.661046511627907,31127,0.12395269194010831,0.46348757566103854,0.41120181586492516,219652,0,31127,53819,68647,47744,49442,0,84,93,24,22,38,54,4,4,8,10,0
SRCIN1.fasta,SRCIN1,55,53240,968,649,0.6704545454545454,319,0.32954545454545453,205,0.21177685950413222,1281,0.024060856498873028,0.4757513148009016,0.4986664162283997,51878,0,1281,12525,13851,11478,14024,0,14,30,4,9,10,11,0,1,1,1,0
SSTR2.fasta,SSTR2,92,118864,1292,685,0.5301857585139319,607,0.4698142414860681,459,0.35526315789473684,7595,0.06389655404495895,0.42056467896082916,0.5140412572351595,111091,0,7595,30701,26501,23489,30400,0,40,82,11,11,11,9,3,4,5,2,0
SSTR4.fasta,SSTR4,63,40446,642,453,0.705607476635514,189,0.29439252336448596,111,0.17289719626168223,1545,0.03819908025515502,0.5960045492755773,0.36317559214755474,38795,0,1545,6367,13395,10711,8322,0,36,36,11,1,6,5,6,1,1,3,0
SSTR5.fasta,SSTR5,93,122574,1318,676,0.5128983308042488,642,0.48710166919575115,483,0.36646433990895294,4650,0.03793626707132018,0.4478029598446653,0.5120009137337446,117647,0,4650,27540,28439,26450,35218,0,70,109,13,26,25,14,3,5,8,4,0
STARD13.fasta,STARD13,110,170390,1549,628,0.4054228534538412,921,0.5945771465461588,712,0.4596513879922531,16926,0.09933681554081812,0.3795175773226128,0.5204472093432713,153345,0,16926,48905,30207,34459,39774,0,39,22,10,15,14,12,0,3,0,4,0
STAT5B.fasta,STAT5B,93,139035,1495,448,0.29966555183946486,1047,0.7003344481605351,615,0.411371237458194,7434,0.05346855108425936,0.38267342755421296,0.56300931420146,131483,0,7434,44891,22464,30741,33387,0,38,27,3,18,11,16,3,0,1,1,0
STON1.fasta,STON1,144,240768,1672,579,0.34629186602870815,1093,0.6537081339712919,828,0.49521531100478466,27738,0.11520633971291866,0.34689825890483783,0.5367366095162148,212751,0,27738,70307,37098,46424,58922,0,101,77,17,30,26,21,0,2,3,2,0
STON2.fasta,STON2,146,305724,2094,559,0.26695319961795605,1535,0.733046800382044,1293,0.6174785100286533,31179,0.10198414255995604,0.4328413863484712,0.4631792073896717,273935,0,31179,75187,69445,62885,66418,0,154,239,24,39,27,68,22,10,13,14,0
SVEP1.fasta,SVEP1,146,231556,1586,327,0.20617906683480455,1259,0.7938209331651954,994,0.626733921815889,20300,0.0876677779889098,0.3649138869215222,0.5455008723591701,210812,0,20300,63520,39249,45249,62794,0,101,125,34,71,49,36,5,10,7,6,0
SYNE1.fasta,SYNE1,139,208222,1498,430,0.2870493991989319,1068,0.7129506008010681,831,0.554739652870494,18466,0.08868419283264976,0.35114925416142384,0.5592636705055182,189568,0,18466,68351,33758,39359,48100,0,57,53,12,20,15,22,1,4,2,2,0
SYNPO2L.fasta,SYNPO2L,92,141220,1535,687,0.447557003257329,848,0.552442996742671,626,0.40781758957654723,5359,0.03794788273615635,0.42616484917150543,0.5338903837983289,135579,0,5359,40859,35364,24819,34537,0,73,84,14,34,24,36,6,6,3,2,0
SYNPO2S.fasta,SYNPO2S,55,31515,573,398,0.6945898778359512,175,0.3054101221640489,92,0.16055846422338568,402,0.012755830556877677,0.4311597651911788,0.5548151673806124,31073,0,402,9858,8220,5368,7627,0,11,11,6,4,6,2,0,0,0,0,0
TENM2.fasta,TENM2,144,427824,2971,1597,0.5375294513631774,1374,0.46247054863682263,901,0.30326489397509254,137324,0.320982460077041,0.25497400800329106,0.42370227009237443,290354,0,137324,91542,53087,55997,89728,0,40,31,8,20,11,27,2,1,5,1,0
TENM4.fasta,TENM4,141,265644,1884,941,0.4994692144373673,943,0.5005307855626328,783,0.4156050955414013,21000,0.07905316890274201,0.39532607549954074,0.5241940341208535,244265,0,21000,73619,53353,51663,65630,0,86,127,11,37,29,43,20,6,14,6,0
TIAM1.fasta,TIAM1,148,218004,1473,472,0.32043448744059744,1001,0.6795655125594026,729,0.49490835030549896,39737,0.18227647199133962,0.39710280545311094,0.4173822498669749,177561,0,39737,49144,47514,39056,41847,0,100,162,61,90,58,101,31,17,43,43,0
TLR3.fasta,TLR3,82,96678,1179,545,0.46225614927905007,634,0.53774385072095,384,0.3256997455470738,8214,0.08496245267796189,0.3181695939096796,0.5954301909431308,88325,0,8214,27679,16178,14582,29886,0,34,41,7,20,11,24,1,0,1,0,0
TMEM132C.fasta,TMEM132C,53,29839,563,345,0.6127886323268206,218,0.3872113676731794,95,0.16873889875666073,325,0.010891785917758637,0.40376688226817253,0.5838667515667415,29470,0,325,10470,6108,5940,6952,0,12,12,4,3,3,9,0,0,1,0,0
TMEM132D.fasta,TMEM132D,142,229046,1613,692,0.42901425914445135,921,0.5709857408555487,663,0.41103533787972724,33347,0.14559084201426786,0.3321297905224278,0.5215240606690359,195526,0,33347,63835,34478,41595,55618,0,48,49,9,17,16,11,6,6,7,4,0
TNRC6C.fasta,TNRC6C,132,254760,1930,497,0.25751295336787566,1433,0.7424870466321244,1060,0.5492227979274611,9650,0.03787878787878788,0.4498822421102214,0.5116619563510755,244963,0,9650,73906,49344,65268,56445,0,38,23,9,14,24,17,9,8,2,3,0
TRIP11.fasta,TRIP11,93,200136,2152,634,0.29460966542750927,1518,0.7053903345724907,1213,0.5636617100371747,48960,0.24463364911859936,0.3600451692848863,0.39331254746772193,150774,0,48960,41487,35493,36565,37229,0,120,127,28,25,42,36,8,5,8,3,0
TRPM3.fasta,TRPM3,143,226798,1586,635,0.4003783102143758,951,0.5996216897856242,760,0.4791929382093317,12664,0.05583823490506971,0.3902503549414016,0.5531309799910052,213957,0,12664,71354,44580,43928,54095,0,47,50,4,17,22,21,4,5,4,3,0
TSHZ1.fasta,TSHZ1,146,338720,2320,1252,0.5396551724137931,1068,0.4603448275862069,850,0.36637931034482757,50143,0.14803672649976382,0.35365788852149266,0.4976115965989608,288342,0,50143,100488,63039,56752,68063,0,64,54,13,21,27,37,1,10,6,2,0
TSHZ2.fasta,TSHZ2,144,206640,1435,618,0.43066202090592337,817,0.5693379790940767,658,0.4585365853658537,24525,0.11868466898954703,0.44226190476190474,0.4374661246612466,181787,0,24525,51421,47720,43669,38977,0,84,96,23,20,30,33,12,11,7,12,0
TSHZ3.fasta,TSHZ3,148,500832,3384,1866,0.5514184397163121,1518,0.44858156028368795,1215,0.35904255319148937,124987,0.24955873426618108,0.3597733371669542,0.3893561114305795,375188,0,124987,118699,96284,83902,76303,0,158,217,53,32,43,103,6,8,27,10,0
TTBK2.fasta,TTBK2,138,115506,837,163,0.19474313022700118,674,0.8052568697729988,472,0.5639187574671446,18973,0.1642598652883833,0.3718508129447821,0.4628677298149014,96415,0,18973,28244,20306,22645,25220,0,31,17,6,16,24,21,0,2,0,1,0
UHRF1BP1L.fasta,UHRF1BP1L,141,181185,1285,271,0.21089494163424125,1014,0.7891050583657587,708,0.5509727626459144,22990,0.12688688357203962,0.41126472942020587,0.46037475508458203,157928,0,22990,43417,40851,33664,39996,0,80,78,16,18,28,29,6,5,3,4,0
UNC13B.fasta,UNC13B,92,108836,1183,234,0.1978021978021978,949,0.8021978021978022,555,0.4691462383770076,12291,0.11293138299827263,0.34861626667646733,0.5365228417067882,96335,0,12291,29055,16922,21020,29338,0,49,59,14,21,35,25,2,3,1,1,0
UNCHAR_3.fasta,UNCHAR_3,93,88815,955,288,0.30157068062827225,667,0.6984293193717277,531,0.556020942408377,6256,0.07043855204638856,0.4022518718684907,0.5250126667792603,82355,0,6256,24320,17333,18393,22309,0,65,38,19,28,14,25,1,9,1,4,0
URB2.fasta,URB2,84,130872,1558,594,0.38125802310654683,964,0.6187419768934531,650,0.417201540436457,11092,0.08475456935020478,0.34497065835320007,0.5693425637263891,119658,0,11092,33588,24414,20733,40923,0,33,36,9,18,15,8,0,1,1,1,0
USF3.fasta,USF3,143,233376,1632,190,0.11642156862745098,1442,0.883578431372549,1259,0.7714460784313726,59544,0.2551419169066228,0.36012272041683807,0.38227152749211574,173257,0,59544,44778,45789,38255,44435,0,103,127,30,42,80,97,23,15,27,31,0
USH2A.fasta,USH2A,80,120080,1501,718,0.47834776815456365,783,0.5216522318454364,463,0.3084610259826782,9617,0.08008827448367754,0.3970852764823451,0.5201282478347768,110139,0,9617,34365,26556,21126,28092,0,100,106,27,29,23,30,3,0,3,3,0
VCPIP1.fasta,VCPIP1,145,271875,1875,968,0.5162666666666667,907,0.48373333333333335,741,0.3952,20219,0.07436873563218391,0.4709554022988506,0.45344,251320,0,20219,62947,60096,67945,60332,0,91,121,18,7,31,25,13,8,13,9,0
WNT7A.fasta,WNT7A,138,135930,985,248,0.2517766497461929,737,0.7482233502538072,633,0.6426395939086295,39069,0.2874199955859634,0.30234679614507465,0.40925476348120354,96728,0,39069,27612,20451,20647,28018,0,28,44,12,10,17,15,1,1,2,3,0
WNT7B.fasta,WNT7B,92,75440,820,426,0.5195121951219512,394,0.48048780487804876,271,0.3304878048780488,7201,0.09545334040296925,0.42694856839872747,0.47586161187698833,68108,0,7201,19660,16051,16158,16239,0,33,42,6,17,12,15,0,0,3,3,0
WNT11.fasta,WNT11,68,25636,377,173,0.4588859416445623,204,0.5411140583554377,140,0.3713527851458886,1373,0.053557497269464814,0.4306444063036355,0.5086206896551724,24079,0,1373,7660,5638,5402,5379,0,24,57,12,16,13,45,3,2,6,6,0
XIRP2.fasta,XIRP2,92,162196,1763,969,0.5496313102665911,794,0.450368689733409,517,0.2932501418037436,8625,0.05317640385706183,0.35319613307356534,0.5925916792029396,153403,0,8625,58195,23694,33593,37921,0,65,43,9,21,9,14,2,1,2,2,0
YTHDF3.fasta,YTHDF3,147,308112,2096,1103,0.5262404580152672,993,0.4737595419847328,733,0.3497137404580153,41446,0.13451602014851743,0.38653801215142547,0.4772939710235239,266157,0,41446,76505,59818,59279,70555,0,117,128,34,62,62,56,5,19,18,8,0
ZBTB20.fasta,ZBTB20,92,178756,1943,1176,0.6052496139989707,767,0.39475038600102935,498,0.25630468347915597,9822,0.05494640739331827,0.4946127682427443,0.4491373716127011,168701,0,9822,45277,48759,39656,35009,0,56,66,15,15,20,21,5,11,17,7,0
ZBTB21.fasta,ZBTB21,145,256070,1766,668,0.3782559456398641,1098,0.6217440543601359,874,0.49490373725934317,29943,0.1169328699183817,0.41906119420470966,0.46287733822782834,225838,0,29943,66185,56639,50670,52344,0,68,110,12,15,27,35,7,2,8,5,0
ZBTB34.fasta,ZBTB34,142,264404,1862,779,0.41836734693877553,1083,0.5816326530612245,879,0.47207303974221265,38559,0.14583364850758687,0.4459009697281433,0.4070248559023313,225517,0,38559,60298,60583,57315,47321,0,71,103,29,33,28,21,15,3,16,9,0
ZC3H12C.fasta,ZC3H12C,146,250390,1715,688,0.40116618075801747,1027,0.5988338192419825,792,0.4618075801749271,25198,0.10063500938535884,0.39236391229681694,0.5059866608091378,224938,0,25198,67249,52771,45473,59445,0,70,71,12,25,20,23,4,7,14,8,0
ZCCHC8.fasta,ZCCHC8,84,75684,901,343,0.3806881243063263,558,0.6193118756936737,362,0.4017758046614872,4044,0.05343269383224988,0.4180275883938481,0.5271920088790233,71538,0,4044,21161,17680,13958,18739,0,31,19,6,11,16,15,1,2,0,1,0
ZEB1.fasta,ZEB1,143,271986,1902,780,0.41009463722397477,1122,0.5899053627760252,833,0.43796004206098843,29530,0.10857176472318428,0.3769017522960741,0.5135889347245814,242201,0,29530,77619,56640,45872,62070,0,80,62,14,19,23,34,2,5,13,3,0
ZEB2.fasta,ZEB2,146,279736,1916,969,0.505741127348643,947,0.494258872651357,687,0.3585594989561587,28924,0.10339748906111476,0.36635613578516885,0.5295671633254211,250622,0,28924,82500,54616,47867,65639,0,42,50,10,14,23,33,1,5,10,2,0
ZFHX3.fasta,ZFHX3,144,263376,1829,875,0.47840349917987973,954,0.5215965008201203,811,0.4434117003827228,23542,0.08938551728327562,0.4136519652511998,0.4958804143126177,239549,0,23542,72922,55242,53704,57681,0,64,93,13,32,25,33,7,3,9,6,0
ZFHX4.fasta,ZFHX4,147,271950,1850,899,0.4859459459459459,951,0.514054054054054,802,0.4335135135135135,17730,0.06519580805295092,0.3704357418643133,0.5638315866887296,254074,0,17730,90446,53830,46910,62888,0,46,42,0,15,12,16,4,3,5,3,0
ZFPM2.fasta,ZFPM2,146,274042,1877,864,0.46030900372935535,1013,0.5396909962706447,774,0.41236014917421415,23084,0.08423526320782945,0.4059815648696185,0.5081739295436466,250517,0,23084,77463,61490,49766,61798,0,101,97,26,53,19,77,9,11,29,19,0
ZHX2.fasta,ZHX2,146,197100,1350,460,0.34074074074074073,890,0.6592592592592592,759,0.5622222222222222,18877,0.09577371892440385,0.4033840690005074,0.4994469812278031,177948,0,18877,55585,42718,36789,42856,0,81,92,13,18,23,32,5,6,2,3,0
ZNF142.fasta,ZNF142,135,177255,1313,496,0.37776085300837775,817,0.6222391469916222,681,0.5186595582635186,18909,0.10667682152830668,0.4865307043524865,0.4042481171194042,157895,0,18909,39546,47301,38939,32109,0,118,145,29,40,51,37,12,3,10,6,0
ZNF148.fasta,ZNF148,96,100800,1050,414,0.3942857142857143,636,0.6057142857142858,522,0.49714285714285716,6222,0.061726190476190476,0.5532043650793651,0.38357142857142856,94427,0,6222,22405,30556,25207,16259,0,40,43,18,4,12,24,3,0,1,6,0
ZNF292.fasta,ZNF292,139,227960,1640,332,0.20243902439024392,1308,0.7975609756097561,1132,0.6902439024390243,63525,0.2786673100543955,0.2756887173188279,0.4453719950868573,164373,0,63525,49169,31759,31087,52358,0,18,16,3,9,6,8,0,0,1,1,0
ZNF423.fasta,ZNF423,148,466644,3153,1759,0.5578813828100222,1394,0.4421186171899778,1001,0.3174754202346971,109936,0.23558858573130695,0.32761591277290614,0.4346011091967324,355684,0,109936,108542,78963,73917,94262,0,228,236,47,111,99,105,39,59,47,53,0
ZNF462.fasta,ZNF462,93,164889,1773,1079,0.6085730400451212,694,0.39142695995487875,413,0.2329385222786238,8312,0.050409669535263116,0.3607881665847934,0.5878863963029675,156426,0,8312,52799,30626,28864,44137,0,25,58,10,21,18,15,1,1,0,2,0
ZNF507.fasta,ZNF507,90,135630,1507,625,0.41473125414731254,882,0.5852687458526875,653,0.43331121433311215,5534,0.040802182408021824,0.4897957678979577,0.46654132566541323,129708,0,5534,37404,32190,34241,25873,0,140,108,31,18,28,36,7,6,8,6,0
ZNF521.fasta,ZNF521,145,267670,1846,1010,0.5471289274106176,836,0.4528710725893825,599,0.32448537378114845,62790,0.23457989315201555,0.32111181678933015,0.44374416258826166,204729,0,62790,64250,42940,43012,54527,0,53,30,11,19,15,13,0,2,6,2,0
ZNF536.fasta,ZNF536,148,505864,3418,1354,0.39613809245172615,2064,0.6038619075482738,1631,0.4771796372147455,65541,0.12956249110432844,0.3925442411399111,0.47644821533060266,439592,0,65541,132250,97180,101394,108768,0,190,207,45,85,68,75,9,18,22,12,0
ZNF639.fasta,ZNF639,95,119890,1262,666,0.5277337559429477,596,0.4722662440570523,452,0.358161648177496,5040,0.04203853532404704,0.4127116523479857,0.543564934523313,114648,0,5040,35310,23666,25814,29858,0,57,59,7,38,22,10,3,2,1,3,0
ZNF644.fasta,ZNF644,143,265265,1855,777,0.4188679245283019,1078,0.5811320754716981,844,0.45498652291105124,28022,0.10563775846794715,0.3465214031251767,0.5473733813356455,237119,0,28022,80508,43614,48306,64691,0,27,29,6,22,18,15,5,1,1,0,0
ZZZ3.fasta,ZZZ3,89,141777,1593,691,0.4337727558066541,902,0.5662272441933459,574,0.3603264281230383,7992,0.05637021519710531,0.4620566100284249,0.4795629756589574,133500,0,7992,37422,31345,34164,30569,0,80,90,21,16,25,31,9,4,4,5,0
