old_name,asw_accepted_name,asw_status,asw_url,asw_notes
Asterophrys turpicola,Asterophrys turpicola,accepted,https://amphibiansoftheworld.amnh.org/Amphibia/Anura/Microhylidae/Asterophryinae/Asterophrys/Asterophrys-turpicola,Name matches current accepted name in ASW
Barygenys atra,Barygenys atra,accepted,https://amphibiansoftheworld.amnh.org/Amphibia/Anura/Microhylidae/Asterophryinae/Barygenys/Barygenys-atra,Name matches current accepted name in ASW
Barygenys exsul,Barygenys exsul,accepted,https://amphibiansoftheworld.amnh.org/Amphibia/Anura/Microhylidae/Asterophryinae/Barygenys/Barygenys-exsul,Name matches current accepted name in ASW
Barygenys flavigularis,Barygenys flavigularis,accepted,https://amphibiansoftheworld.amnh.org/Amphibia/Anura/Microhylidae/Asterophryinae/Barygenys/Barygenys-flavigularis,Name matches current accepted name in ASW
Barygenys maculata,Barygenys maculata,accepted,https://amphibiansoftheworld.amnh.org/Amphibia/Anura/Microhylidae/Asterophryinae/Barygenys/Barygenys-maculata,Name matches current accepted name in ASW
Barygenys nana,Barygenys nana,accepted,https://amphibiansoftheworld.amnh.org/Amphibia/Anura/Microhylidae/Asterophryinae/Barygenys/Barygenys-nana,Name matches current accepted name in ASW
Barygenys sp.nov BPBM 9366-69,,not_found,,No results found in ASW basic search (quoted or unquoted)
Choerophryne rostellifer,Choerophryne rostellifer,accepted,https://amphibiansoftheworld.amnh.org/Amphibia/Anura/Microhylidae/Asterophryinae/Choerophryne/Choerophryne-rostellifer,Name matches current accepted name in ASW
Cophixalus darlingtoni,Choerophryne darlingtoni,synonym,https://amphibiansoftheworld.amnh.org/Amphibia/Anura/Microhylidae/Asterophryinae/Choerophryne/Choerophryne-darlingtoni,Input name 'Cophixalus darlingtoni' found in synonymy; current accepted name is 'Choerophryne darlingtoni'
Cophixalus kaindiensis,Cophixalus kaindiensis,accepted,https://amphibiansoftheworld.amnh.org/Amphibia/Anura/Microhylidae/Asterophryinae/Cophixalus/Cophixalus-kaindiensis,Name matches current accepted name in ASW
Cophixalus ornatus,Cophixalus ornatus,accepted,https://amphibiansoftheworld.amnh.org/Amphibia/Anura/Microhylidae/Asterophryinae/Cophixalus/Cophixalus-ornatus,Name matches current accepted name in ASW
Cophixalus parkeri,Cophixalus parkeri,accepted,https://amphibiansoftheworld.amnh.org/Amphibia/Anura/Microhylidae/Asterophryinae/Cophixalus/Cophixalus-parkeri,Name matches current accepted name in ASW
Cophixalus riparius,Cophixalus riparius,accepted,https://amphibiansoftheworld.amnh.org/Amphibia/Anura/Microhylidae/Asterophryinae/Cophixalus/Cophixalus-riparius,Name matches current accepted name in ASW
Cophixalus shellyi,Cophixalus shellyi,accepted,https://amphibiansoftheworld.amnh.org/Amphibia/Anura/Microhylidae/Asterophryinae/Cophixalus/Cophixalus-shellyi,Name matches current accepted name in ASW
Cophixalus variegatus,Cophixalus montanus,synonym,https://amphibiansoftheworld.amnh.org/Amphibia/Anura/Microhylidae/Asterophryinae/Cophixalus/Cophixalus-montanus,Input name 'Cophixalus variegatus' found in synonymy; current accepted name is 'Cophixalus montanus'
Cophixalus verrucosus,Cophixalus verrucosus,accepted,https://amphibiansoftheworld.amnh.org/Amphibia/Anura/Microhylidae/Asterophryinae/Cophixalus/Cophixalus-verrucosus,Name matches current accepted name in ASW
Copiula fistulans,Copiula fistulans,accepted,https://amphibiansoftheworld.amnh.org/Amphibia/Anura/Microhylidae/Asterophryinae/Copiula/Copiula-fistulans,Name matches current accepted name in ASW
Genyophryne thomsoni,Sphenophryne thomsoni,synonym,https://amphibiansoftheworld.amnh.org/Amphibia/Anura/Microhylidae/Asterophryinae/Sphenophryne/Sphenophryne-thomsoni,Input name 'Genyophryne thomsoni' found in synonymy; current accepted name is 'Sphenophryne thomsoni'
Hylophorbus extimus,Hylophorbus extimus,accepted,https://amphibiansoftheworld.amnh.org/Amphibia/Anura/Microhylidae/Asterophryinae/Hylophorbus/Hylophorbus-extimus,Name matches current accepted name in ASW
Hylophorbus myopicus,Hylophorbus myopicus,accepted,https://amphibiansoftheworld.amnh.org/Amphibia/Anura/Microhylidae/Asterophryinae/Hylophorbus/Hylophorbus-myopicus,Name matches current accepted name in ASW
Hylophorbus rufescens,Hylophorbus rufescens,accepted,https://amphibiansoftheworld.amnh.org/Amphibia/Anura/Microhylidae/Asterophryinae/Hylophorbus/Hylophorbus-rufescens,Name matches current accepted name in ASW
Oreophryne biroi,Oreophryne biroi,accepted,https://amphibiansoftheworld.amnh.org/Amphibia/Anura/Microhylidae/Asterophryinae/Oreophryne/Oreophryne-biroi,Name matches current accepted name in ASW
Oreophryne insulana,Oreophryne insulana,accepted,https://amphibiansoftheworld.amnh.org/Amphibia/Anura/Microhylidae/Asterophryinae/Oreophryne/Oreophryne-insulana,Name matches current accepted name in ASW
Pherohapsis menziesi,Mantophryne menziesi,synonym,https://amphibiansoftheworld.amnh.org/Amphibia/Anura/Microhylidae/Asterophryinae/Mantophryne/Mantophryne-menziesi,Input name 'Pherohapsis menziesi' found in synonymy; current accepted name is 'Mantophryne menziesi'
Phrynomantis compta,Callulops humicola,not_found,,No results found in ASW basic search (quoted or unquoted)
Phrynomantis eurydactyla,Asterophrys eurydactyla,synonym,https://amphibiansoftheworld.amnh.org/Amphibia/Anura/Microhylidae/Asterophryinae/Asterophrys/Asterophrys-eurydactyla,Input name 'Phrynomantis eurydactyla' found in synonymy; current accepted name is 'Asterophrys eurydactyla'
Phrynomantis fucsa,Callulops fusca,not_found,,No results found in ASW basic search (quoted or unquoted)
Phrynomantis humicola,Callulops humicola,synonym,https://amphibiansoftheworld.amnh.org/Amphibia/Anura/Microhylidae/Asterophryinae/Cophixalus/Cophixalus-humicola,Input name 'Phrynomantis humicola' found in synonymy; current accepted name is 'Cophixalus humicola'
Phrynomantis infulata,Hylophorbus infulatus,synonym,https://amphibiansoftheworld.amnh.org/Amphibia/Anura/Microhylidae/Asterophryinae/Hylophorbus/Hylophorbus-infulatus,Input name 'Phrynomantis infulata' found in synonymy; current accepted name is 'Hylophorbus infulatus'
Phrynomantis lateralis,Mantophryne lateralis,synonym,https://amphibiansoftheworld.amnh.org/Amphibia/Anura/Microhylidae/Asterophryinae/Mantophryne/Mantophryne-lateralis,Input name 'Phrynomantis lateralis' found in synonymy; current accepted name is 'Mantophryne lateralis'
Phrynomantis louisiadensis,Mantophryne louisiadensis,synonym,https://amphibiansoftheworld.amnh.org/Amphibia/Anura/Microhylidae/Asterophryinae/Mantophryne/Mantophryne-louisiadensis,Input name 'Phrynomantis louisiadensis' found in synonymy; current accepted name is 'Mantophryne louisiadensis'
Phrynomantis personata,Callulops personatus,synonym,https://amphibiansoftheworld.amnh.org/Amphibia/Anura/Microhylidae/Asterophryinae/Callulops/Callulops-personatus,Input name 'Phrynomantis personata' found in synonymy; current accepted name is 'Callulops personatus'
Phrynomantis robusta,Callulops robustus,synonym,https://amphibiansoftheworld.amnh.org/Amphibia/Anura/Microhylidae/Asterophryinae/Callulops/Callulops-robustus,Input name 'Phrynomantis robusta' found in synonymy; current accepted name is 'Callulops robustus'
Phrynomantis stictogaster,Callulops stictogaster,synonym,https://amphibiansoftheworld.amnh.org/Amphibia/Anura/Microhylidae/Asterophryinae/Callulops/Callulops-stictogaster,Input name 'Phrynomantis stictogaster' found in synonymy; current accepted name is 'Callulops stictogaster'
Phrynomantis wilhelmana,Callulops wilhelmanus,synonym,https://amphibiansoftheworld.amnh.org/Amphibia/Anura/Microhylidae/Asterophryinae/Callulops/Callulops-wilhelmanus,Input name 'Phrynomantis wilhelmana' found in synonymy; current accepted name is 'Callulops wilhelmanus'
Sphenophryne cornuta,Sphenophryne cornuta,accepted,https://amphibiansoftheworld.amnh.org/Amphibia/Anura/Microhylidae/Asterophryinae/Sphenophryne/Sphenophryne-cornuta,Name matches current accepted name in ASW
Sphenophryne fryi,Austrochaperina fryi,synonym,https://amphibiansoftheworld.amnh.org/Amphibia/Anura/Microhylidae/Asterophryinae/Austrochaperina/Austrochaperina-fryi,Input name 'Sphenophryne fryi' found in synonymy; current accepted name is 'Austrochaperina fryi'
Sphenophryne robusta,Austrochaperina robusta,synonym,https://amphibiansoftheworld.amnh.org/Amphibia/Anura/Microhylidae/Asterophryinae/Austrochaperina/Austrochaperina-robusta,Input name 'Sphenophryne robusta' found in synonymy; current accepted name is 'Austrochaperina robusta'
Sphenophryne schlaginhauferi,Sphenophryne schlaginhaufeni,not_found,,No results found in ASW basic search (quoted or unquoted)
Sphenophryne sp. BPBM 9879,,not_found,,No results found in ASW basic search (quoted or unquoted)
Xenobatrachus giganteus,Xenorhina gigantea,synonym,https://amphibiansoftheworld.amnh.org/Amphibia/Anura/Microhylidae/Asterophryinae/Xenorhina/Xenorhina-gigantea,Input name 'Xenobatrachus giganteus' found in synonymy; current accepted name is 'Xenorhina gigantea'
Xenobatrachus mehelyi,Xenorhina zweifeli,synonym,https://amphibiansoftheworld.amnh.org/Amphibia/Anura/Microhylidae/Asterophryinae/Xenorhina/Xenorhina-zweifeli,Input name 'Xenobatrachus mehelyi' found in synonymy; current accepted name is 'Xenorhina zweifeli'
Xenobatrachus obesus,Xenorhina obesa,synonym,https://amphibiansoftheworld.amnh.org/Amphibia/Anura/Microhylidae/Asterophryinae/Xenorhina/Xenorhina-obesa,Input name 'Xenobatrachus obesus' found in synonymy; current accepted name is 'Xenorhina obesa'
Xenobatrachus rostratus,Xenorhina zweifeli,synonym,https://amphibiansoftheworld.amnh.org/Amphibia/Anura/Microhylidae/Asterophryinae/Xenorhina/Xenorhina-zweifeli,Input name 'Xenobatrachus rostratus' found in synonymy; current accepted name is 'Xenorhina zweifeli'
Xenobatrachus subcroceus,Xenorhina subcrocea,synonym,https://amphibiansoftheworld.amnh.org/Amphibia/Anura/Microhylidae/Asterophryinae/Xenorhina/Xenorhina-subcrocea,Input name 'Xenobatrachus subcroceus' found in synonymy; current accepted name is 'Xenorhina subcrocea'
Xenorhina bouwensi,Xenorhina bouwensi,accepted,https://amphibiansoftheworld.amnh.org/Amphibia/Anura/Microhylidae/Asterophryinae/Xenorhina/Xenorhina-bouwensi,Name matches current accepted name in ASW
Xenorhina doriae,Callulops doriae,synonym,https://amphibiansoftheworld.amnh.org/Amphibia/Anura/Microhylidae/Asterophryinae/Callulops/Callulops-doriae,Input name 'Xenorhina doriae' found in synonymy; current accepted name is 'Callulops doriae'
Xenorhina minima,Xenorhina minima,accepted,https://amphibiansoftheworld.amnh.org/Amphibia/Anura/Microhylidae/Asterophryinae/Xenorhina/Xenorhina-minima,Name matches current accepted name in ASW
Xenorhina oxycephala,Xenorhina oxycephala,accepted,https://amphibiansoftheworld.amnh.org/Amphibia/Anura/Microhylidae/Asterophryinae/Xenorhina/Xenorhina-oxycephala,Name matches current accepted name in ASW
Xenorhina parkerorum,Xenorhina parkerorum,accepted,https://amphibiansoftheworld.amnh.org/Amphibia/Anura/Microhylidae/Asterophryinae/Xenorhina/Xenorhina-parkerorum,Name matches current accepted name in ASW
Xenorhina similis,Xenorhina similis,accepted,https://amphibiansoftheworld.amnh.org/Amphibia/Anura/Microhylidae/Asterophryinae/Xenorhina/Xenorhina-similis,Name matches current accepted name in ASW